ID,Name,Description
55F94F929CDB58CDE9BE8333787E3A31,ʕ,LATIN LETTER PHARYNGEAL VOICED FRICATIVE
0844E3AEAF1C8E3837465942B92FE4C5,ʔ,LATIN LETTER GLOTTAL STOP
C699D862DAE3202097065A59720E60BC,ħ,LATIN SMALL LETTER H WITH STROKE
941ED37AAF5E9C4E1B40D85008C6B2D9,ŋ,LATIN SMALL LETTER ENG
3ED3C12693EEA6DCD866F8DBD9C6CF1D,ŋʷ,LATIN SMALL LETTER ENG - MODIFIER LETTER SMALL W
9E7CDEEE9F0DE43C10181AE483F62CBD,ʃ,LATIN SMALL LETTER ESH
72FB536ACFF408163656BBCDAFCAC6F6,a,LATIN SMALL LETTER A
2F272C9C5FA2DA70706B565B2DC46DE8,aː,LATIN SMALL LETTER A - MODIFIER LETTER TRIANGULAR COLON
694212B746622E482E0E58D50036100E,b,LATIN SMALL LETTER B
852A220443D41F0A63671A2F4DEC9788,c,LATIN SMALL LETTER C
8624F957F56BDEBB294A22FB14BB353B,cʼ,LATIN SMALL LETTER C - MODIFIER LETTER APOSTROPHE
E6253384902D489FDB1FE487B7ED4AB2,d,LATIN SMALL LETTER D
320B62404207303F61B0F772296C9545,ɟ,LATIN SMALL LETTER DOTLESS J WITH STROKE
1E8296F0F7BF5A8ABE9B5E8E040E709F,dɮ,LATIN SMALL LETTER D - LATIN SMALL LETTER LEZH
199408E3D0668F10F475143F0E8CC0CB,e,LATIN SMALL LETTER E
6DD56E3A80E90C3B1F5AC7AC45CE8180,eː,LATIN SMALL LETTER E - MODIFIER LETTER TRIANGULAR COLON
86E80A7DA80F7F58CA76F85BACA48F86,f,LATIN SMALL LETTER F
ECC959553F23387998DAF88D69D7736C,ɡ,LATIN SMALL LETTER SCRIPT G
1832D7834F81DD97E33C58D9F70EC5C6,ɣ,LATIN SMALL LETTER GAMMA
2C506EAD6B506B116E11D445B865A044,ɣʷ,LATIN SMALL LETTER GAMMA - MODIFIER LETTER SMALL W
B95529318452F7E00AE69C18EBE1E0F2,ɡʷ,LATIN SMALL LETTER SCRIPT G - MODIFIER LETTER SMALL W
E7FBD92350B3CA8B7B5D77E36A607068,h,LATIN SMALL LETTER H
1F0C89A7E99CD5113AA994AD2CC86CBC,ɬ,LATIN SMALL LETTER L WITH BELT
F0585BB57111C322D6E7DABB0D01F9EA,i,LATIN SMALL LETTER I
D7A90868F42885077FD3F44A8440B3BB,iː,LATIN SMALL LETTER I - MODIFIER LETTER TRIANGULAR COLON
ADF56B8E4119266843033E723A149AE2,j,LATIN SMALL LETTER J
5A838FF4DABE1950734CFAFAB9383903,k,LATIN SMALL LETTER K
B9C749831BC59B5585B5AE2159F32788,kʼ,LATIN SMALL LETTER K - MODIFIER LETTER APOSTROPHE
AC7F42D0CB30C73616ABDC71149FEC44,kʷ,LATIN SMALL LETTER K - MODIFIER LETTER SMALL W
79CFDD4943BC9A9354E6A0E965288214,kʷʼ,LATIN SMALL LETTER K - MODIFIER LETTER SMALL W - MODIFIER LETTER APOSTROPHE
03413638BD1DFC7AEF53192FEF71F017,l,LATIN SMALL LETTER L
5AE9663626770D1D4B97AAE5769AB83C,m,LATIN SMALL LETTER M
E03DA215BAB0A158BA5D1CB5C4D5D6FD,n,LATIN SMALL LETTER N
1AD6D96C35E6ADA62F1EAF5B167F75F7,ɲ,LATIN SMALL LETTER N WITH LEFT HOOK
5AC0158A367D59E8C16A876321E578AB,o,LATIN SMALL LETTER O
08F6CE9332919F91E699096D433AC8BB,oː,LATIN SMALL LETTER O - MODIFIER LETTER TRIANGULAR COLON
2D6FB64B3CDC3549EF11DB98A66A9EAD,p,LATIN SMALL LETTER P
646674CE0AF099A6E69FB25363B53313,pʼ,LATIN SMALL LETTER P - MODIFIER LETTER APOSTROPHE
5D1D7FB69E1A3C0C60001FBC0C19ED87,r,LATIN SMALL LETTER R
7FF174469DAC4E61520F4E1610B2F088,s,LATIN SMALL LETTER S
825B20CB261AC2AAD034C4B8C3BC5DFC,sʼ,LATIN SMALL LETTER S - MODIFIER LETTER APOSTROPHE
9F90F95459807624A486F03FE5A89978,t,LATIN SMALL LETTER T
11D5EDE5CF43EE6FA131900D77195344,tʼ,LATIN SMALL LETTER T - MODIFIER LETTER APOSTROPHE
2DB690B58A1A825334598BDE8BE44D7D,tɬʼ,LATIN SMALL LETTER T - LATIN SMALL LETTER L WITH BELT - MODIFIER LETTER APOSTROPHE
58EB693AE523323410326D60806B9ADF,u,LATIN SMALL LETTER U
3A9677F59A8D4980D4DEADD51C55FF1C,uː,LATIN SMALL LETTER U - MODIFIER LETTER TRIANGULAR COLON
501394D0E2658752D9DA624E7DEBE14B,w,LATIN SMALL LETTER W
F62AFB705D2A2D30BB41CF3FBE917891,x,LATIN SMALL LETTER X
CC1E157E56BC1B4B281FF3ACD292F7DF,xʷ,LATIN SMALL LETTER X - MODIFIER LETTER SMALL W
E77FDA2EAABA78B3E55A968B2257CF26,z,LATIN SMALL LETTER Z
CEB8A516242B5E336874AC64E81D655E,ɘ,LATIN SMALL LETTER REVERSED E
E07CB8481F97B28F2D631830F02B51F0,ɘː,LATIN SMALL LETTER REVERSED E - MODIFIER LETTER TRIANGULAR COLON
C7364BE7F76504D8DE329FFF30C42424,d̠ʒ,LATIN SMALL LETTER D - COMBINING MINUS SIGN BELOW - LATIN SMALL LETTER EZH
3A3393BDCDC64FE0B39793147F9DBA7D,ɨ,LATIN SMALL LETTER I WITH STROKE
EA4BE781596BA71D03B0E14F300A1669,ɨː,LATIN SMALL LETTER I WITH STROKE - MODIFIER LETTER TRIANGULAR COLON
1C7F2960BE4EDD840C01C94930F1D932,ʎ,LATIN SMALL LETTER TURNED Y
5D97E1AF6BCE612603ABA26C7DDB941F,ø,LATIN SMALL LETTER O WITH STROKE
B89019D1E9EA2633F0AAACF9E66CE673,øː,LATIN SMALL LETTER O WITH STROKE - MODIFIER LETTER TRIANGULAR COLON
4FEA9B23C77E9EA34A6963E4D4FF64BA,rʲ,LATIN SMALL LETTER R - MODIFIER LETTER SMALL J
1348048F53951A5E29ABA6D5360925BA,t̠ʃ,LATIN SMALL LETTER T - COMBINING MINUS SIGN BELOW - LATIN SMALL LETTER ESH
27E498422242BAF54775C75A8C884CF7,y,LATIN SMALL LETTER Y
218729C2F787B39322EDB9220D365A1F,yː,LATIN SMALL LETTER Y - MODIFIER LETTER TRIANGULAR COLON
CB37024CEAE9409F30FC756C0578E93C,æː,LATIN SMALL LETTER AE - MODIFIER LETTER TRIANGULAR COLON
106C7FE93D986D037407524D08F3599A,ts,LATIN SMALL LETTER T - LATIN SMALL LETTER S
8E32B519FFFA1D3336C36200F8060969,ã,LATIN SMALL LETTER A - COMBINING TILDE
1507B68E1E3108371C1F882C40902AA5,ẽ,LATIN SMALL LETTER E - COMBINING TILDE
EDBF780C3E6B55C0D3F719E059C630B0,ɨ̃,LATIN SMALL LETTER I WITH STROKE - COMBINING TILDE
A9F45477DAC8AB8BB14C84275ED3690F,ĩ,LATIN SMALL LETTER I - COMBINING TILDE
BD29F40254AA0996800A773122397C28,kʰ,LATIN SMALL LETTER K - MODIFIER LETTER SMALL H
DF648A2DB863191981CA66654BFF6BF4,õ,LATIN SMALL LETTER O - COMBINING TILDE
6E065D8A2F199BCBC7CA7074EC4DE834,pʰ,LATIN SMALL LETTER P - MODIFIER LETTER SMALL H
4EEF82037BC182F6353941401E583F45,tʰ,LATIN SMALL LETTER T - MODIFIER LETTER SMALL H
1520751621DE93DB6E03975E1867106A,ũ,LATIN SMALL LETTER U - COMBINING TILDE
7D5E23AD8E7FC92894F94CEB664FBE7C,ɐ,LATIN SMALL LETTER TURNED A
ED74AF5019F80FF5E1F4E598F0085639,ɢ,LATIN LETTER SMALL CAPITAL G
F4908317E8B8D67C64129D5DAF89C210,ɢʷ,LATIN LETTER SMALL CAPITAL G - MODIFIER LETTER SMALL W
10FD223095BD60FD89BEC828E5FD0A26,ʊ,LATIN SMALL LETTER UPSILON
24934115EB451EB20C91AC9D2AD62537,χ,GREEK SMALL LETTER CHI
09669CA25538B9D8F88FA458EF40C634,χʷʼ,GREEK SMALL LETTER CHI - MODIFIER LETTER SMALL W - MODIFIER LETTER APOSTROPHE
17B1CFA69C0C6AB5362FFDB585C0C7DC,dz,LATIN SMALL LETTER D - LATIN SMALL LETTER Z
4257BA86C575A28CFD1C21C69CDCFB5B,ɡʲ,LATIN SMALL LETTER SCRIPT G - MODIFIER LETTER SMALL J
96CDC886AA21A9599A0AC4EFFCDCA13F,kʲ,LATIN SMALL LETTER K - MODIFIER LETTER SMALL J
4AC7382217172B3821AE54CD38BD8698,q,LATIN SMALL LETTER Q
F004A6DF8DC34AB3759000D0EEA099AC,qʼ,LATIN SMALL LETTER Q - MODIFIER LETTER APOSTROPHE
0CE464BCDDF6D25FC3C1DF3C67CE1C91,qʷ,LATIN SMALL LETTER Q - MODIFIER LETTER SMALL W
1230081C3710A6F95C105998800A8557,qʷʼ,LATIN SMALL LETTER Q - MODIFIER LETTER SMALL W - MODIFIER LETTER APOSTROPHE
73C29ACCE17EFB4239E53D799AD7C696,t̠ʃʼ,LATIN SMALL LETTER T - COMBINING MINUS SIGN BELOW - LATIN SMALL LETTER ESH - MODIFIER LETTER APOSTROPHE
5685FEAEF0E34B92C6562FDE7687D3DA,tɬ,LATIN SMALL LETTER T - LATIN SMALL LETTER L WITH BELT
BAC70456E8C04CEFDCAC8240DAFE192F,tsʼ,LATIN SMALL LETTER T - LATIN SMALL LETTER S - MODIFIER LETTER APOSTROPHE
CFDC3D2764B7C450CAB7DFC1854E8C75,xʲ,LATIN SMALL LETTER X - MODIFIER LETTER SMALL J
3E7F3BD0FDB7AC2A82E00F8EAB935528,ɡʷʲ,LATIN SMALL LETTER SCRIPT G - MODIFIER LETTER SMALL W - MODIFIER LETTER SMALL J
17D7E55C5AFA44912A3BE9179FDEA482,kʷʲ,LATIN SMALL LETTER K - MODIFIER LETTER SMALL W - MODIFIER LETTER SMALL J
3B1C8D8C984948EB38A2FC40CCE27AEE,xʷʲ,LATIN SMALL LETTER X - MODIFIER LETTER SMALL W - MODIFIER LETTER SMALL J
8A61A9B6039DB852CE150BEC6198AFE5,ɛ,LATIN SMALL LETTER OPEN E
55C328C4539D138964636333EABA3949,ɔ,LATIN SMALL LETTER OPEN O
B6D180EA250E6FBDE82C3D1F1BB4A39C,æ,LATIN SMALL LETTER AE
0FD087805B29DDC87A7BC2D136B0A201,rː,LATIN SMALL LETTER R - MODIFIER LETTER TRIANGULAR COLON
941A64F284E12ACB5A54580F5D22337A,ʀ,LATIN LETTER SMALL CAPITAL R
512D7E3344FCD21B1EE47971D72DB39A,ɭ,LATIN SMALL LETTER L WITH RETROFLEX HOOK
9B4FF3CA9C2C2CC0884F937ECD88C04D,ʂ,LATIN SMALL LETTER S WITH HOOK
371C7EA07921978BC3CA2823648D035D,i̝,LATIN SMALL LETTER I - COMBINING UP TACK BELOW
088F68C26E5BFD00C5C1B6FBD0C2051A,u̝,LATIN SMALL LETTER U - COMBINING UP TACK BELOW
A933E2A015DCF1AB1B946DBA04C1958C,ç,LATIN SMALL LETTER C WITH CEDILLA
CF50E15F866A7B9698A8F95C5C9B48B2,ɪ,LATIN LETTER SMALL CAPITAL I
9D6EBFB925E507CEC3D4A539BFD0BF08,ŋm,LATIN SMALL LETTER ENG - LATIN SMALL LETTER M
CFA86CE56605194A2F338BA3E3974EA3,ɓ,LATIN SMALL LETTER B WITH HOOK
192EEEA914E770D60BEC3F86DAED50AA,ɗ,LATIN SMALL LETTER D WITH HOOK
434450844FAF9386CA9AD2E0E919570E,ʄ,LATIN SMALL LETTER DOTLESS J WITH STROKE AND HOOK
1F27FEFCD8402C09E00300258B5A7EE2,ɡb,LATIN SMALL LETTER SCRIPT G - LATIN SMALL LETTER B
A5176F73648084056F9A091440AB3FBB,ʝ,LATIN SMALL LETTER J WITH CROSSED-TAIL
3BE9D8AA68FB8CA25C1D8EE2091DC6D0,kp,LATIN SMALL LETTER K - LATIN SMALL LETTER P
033ACAA664F151FC56BC9595526BCFA4,v,LATIN SMALL LETTER V
77EC3D8708D73AC7CFC3FC00AC44CA7F,ʔj,LATIN LETTER GLOTTAL STOP - LATIN SMALL LETTER J
F39B6DB07AB1E43534CC87FF2D78D852,ǁ,LATIN LETTER LATERAL CLICK
83A378CEE6DD9D3F0A426DC5FE0C9770,ǀ,LATIN LETTER DENTAL CLICK
06C0DF57FD6F1008180AD5BB84C41B89,ǂ,LATIN LETTER ALVEOLAR CLICK
C9E9191DCB4BE4A8E656C338A0480F62,ǂ͇,LATIN LETTER ALVEOLAR CLICK - COMBINING EQUALS SIGN BELOW
D148671853EE95EA98495BB03C732921,ǁ̟,LATIN LETTER LATERAL CLICK - COMBINING PLUS SIGN BELOW
DBED9DB479620441E03A12BD24F52B18,dʰ,LATIN SMALL LETTER D - MODIFIER LETTER SMALL H
7C6A808CC61BC0BC3BB661BA6E049911,mʰ,LATIN SMALL LETTER M - MODIFIER LETTER SMALL H
59BD8976A93A1346E885CB973F12D8A9,θ̪,GREEK SMALL LETTER THETA - COMBINING BRIDGE BELOW
95A609A900A52E93F9252FD72E8D136F,ŋɡ,LATIN SMALL LETTER ENG - LATIN SMALL LETTER SCRIPT G
4E454EFC24409956D610FB858C201318,hʷ,LATIN SMALL LETTER H - MODIFIER LETTER SMALL W
3916F896B8FCC2F6FD583661E5332F28,m̥,LATIN SMALL LETTER M - COMBINING RING BELOW
8DEC1745406483DE6A8030A28A69B646,mb,LATIN SMALL LETTER M - LATIN SMALL LETTER B
6910328C2AAA6011720FA21FFE1665D8,nd,LATIN SMALL LETTER N - LATIN SMALL LETTER D
6CA1A9CAC4D088F2CB53987315A2D8BF,ɪ̃,LATIN LETTER SMALL CAPITAL I - COMBINING TILDE
6841B71E9462950C2BADD3C7301D7092,ʊ̃,LATIN SMALL LETTER UPSILON - COMBINING TILDE
795215076D89B5B17C0D147BE5C341E3,ɾ,LATIN SMALL LETTER R WITH FISHHOOK
16AE9E466BA711A463AF827D79234392,jˀ,LATIN SMALL LETTER J - MODIFIER LETTER GLOTTAL STOP
CD3A14CC41D26F33A8D7DE865AD85A4A,lˀ,LATIN SMALL LETTER L - MODIFIER LETTER GLOTTAL STOP
2B9FFCC22A7CEBAFFDD370B339E4658B,mˀ,LATIN SMALL LETTER M - MODIFIER LETTER GLOTTAL STOP
305029A5E47B37025D6251170E17C363,nˀ,LATIN SMALL LETTER N - MODIFIER LETTER GLOTTAL STOP
77D1EFA8F4C60659602EA767A1F7C9BC,wˀ,LATIN SMALL LETTER W - MODIFIER LETTER GLOTTAL STOP
D86D0E4D596E27EE93E7F9D3EB2B987F,ɘ̃,LATIN SMALL LETTER REVERSED E - COMBINING TILDE
2FBC8E9F0B18BB901EC20AACA188541E,ɨ̆,LATIN SMALL LETTER I WITH STROKE - COMBINING BREVE
C74BECEC6C9DBC95D2C92E893F72A8AD,ð,LATIN SMALL LETTER ETH
DAC6AC8BCA2D24EFF188A7129D280801,ʒ,LATIN SMALL LETTER EZH
156737A64AD26707AB4DDD58B6E3DCC5,dˀ,LATIN SMALL LETTER D - MODIFIER LETTER GLOTTAL STOP
6D1CBE8D062AA4C3E4F615A65E391C5D,zˀ,LATIN SMALL LETTER Z - MODIFIER LETTER GLOTTAL STOP
E8FB2F8EBE3389F7D5174EB7898C74F3,ʒˀ,LATIN SMALL LETTER EZH - MODIFIER LETTER GLOTTAL STOP
A2DFF488C07B9A11B5DF5EA37214750D,β,GREEK SMALL LETTER BETA
E9F92ED438311DEF47430F2DC3038C22,ɸ,LATIN SMALL LETTER PHI
EF29C6F75A75513554A1F65706301CE2,a̟,LATIN SMALL LETTER A - COMBINING PLUS SIGN BELOW
1AA8835FD9E691ED7B29A34F2DBBD907,a̟ː,LATIN SMALL LETTER A - COMBINING PLUS SIGN BELOW - MODIFIER LETTER TRIANGULAR COLON
F55CF3619FAF770147652F0FDB9F146F,ɑ,LATIN SMALL LETTER ALPHA
88AC5CE19511786367C819D16739C6E1,ɑː,LATIN SMALL LETTER ALPHA - MODIFIER LETTER TRIANGULAR COLON
80E0B47CF9A1F002B35B6AAB49574C61,ɤ,LATIN SMALL LETTER RAMS HORN
ECADEF8DC1141DC0002DA207736CC234,ɽ,LATIN SMALL LETTER R WITH TAIL
A61CD1A0C549D454DFFCEB62F61318E5,ɯ,LATIN SMALL LETTER TURNED M
ABCFAED5F3E3B8EC06B68A672DE107FB,ɯː,LATIN SMALL LETTER TURNED M - MODIFIER LETTER TRIANGULAR COLON
E31F30626CFDAD792E73B8C4611707A9,ɭ̥,LATIN SMALL LETTER L WITH RETROFLEX HOOK - COMBINING RING BELOW
6838968A8DAA29313F3FD0EF4CE0AF3C,ɳ,LATIN SMALL LETTER N WITH RETROFLEX HOOK
64EABC4FDF5DE0BE02E889701FD34147,ʈ,LATIN SMALL LETTER T WITH RETROFLEX HOOK
2DA484FF3408444AF11E01960C9C893A,t̪,LATIN SMALL LETTER T - COMBINING BRIDGE BELOW
5B8A0392206611F78C6A5ABCF5A4952F,ʋ,LATIN SMALL LETTER V WITH HOOK
BD5DD0B4F35DA44F05B251A09476EADF,tsʲ,LATIN SMALL LETTER T - LATIN SMALL LETTER S - MODIFIER LETTER SMALL J
80A0DB9BE8D288FB191A2C2FBD0B61BD,ð̪ʲ,LATIN SMALL LETTER ETH - COMBINING BRIDGE BELOW - MODIFIER LETTER SMALL J
AE22B011DAF9516E3388AF4E418B00F4,sʲ,LATIN SMALL LETTER S - MODIFIER LETTER SMALL J
0C125CB557D530881A8F1E46A3EB6F0C,ʈʂ,LATIN SMALL LETTER T WITH RETROFLEX HOOK - LATIN SMALL LETTER S WITH HOOK
2CABD4F4B64695E5329B759A3F63C146,ʉ,LATIN SMALL LETTER U BAR
2653DF7B6901A0BABDDFBC146CF52EDE,cʰ,LATIN SMALL LETTER C - MODIFIER LETTER SMALL H
EAC82008F6CCDB55D61CCF8269F477A1,kpʰ,LATIN SMALL LETTER K - LATIN SMALL LETTER P - MODIFIER LETTER SMALL H
1D99DEE96BB19529DC9E5ED7FA7BF68B,ɥ,LATIN SMALL LETTER TURNED H
41B1D4BBD29D91DFEA3B938C50B5435B,a̘,LATIN SMALL LETTER A - COMBINING LEFT TACK BELOW
1F0B39C9E43EDAD4E4E4BCEC2A2C955D,bʰ,LATIN SMALL LETTER B - MODIFIER LETTER SMALL H
7F68A9285E7300742D54F0712244DB12,e̘,LATIN SMALL LETTER E - COMBINING LEFT TACK BELOW
330B0852F5CFBD528119D67ED1A603DC,ɡbʰ,LATIN SMALL LETTER SCRIPT G - LATIN SMALL LETTER B - MODIFIER LETTER SMALL H
6AA3FEA3758FF09B65D27B20D04B0660,ɡʰ,LATIN SMALL LETTER SCRIPT G - MODIFIER LETTER SMALL H
81523B8AEAB1A611724A1590FB4AED73,i̘,LATIN SMALL LETTER I - COMBINING LEFT TACK BELOW
8BCC1E315A842A1DF3745488F066C7C7,ŋʰ,LATIN SMALL LETTER ENG - MODIFIER LETTER SMALL H
705357ACC18BDD1D48A1C6C4F68758AE,o̘,LATIN SMALL LETTER O - COMBINING LEFT TACK BELOW
280AA460AC77D670C05B7A5228BA7482,u̘,LATIN SMALL LETTER U - COMBINING LEFT TACK BELOW
FC7AAC2F2DD0F75DE6A9EC1F88A4ADB6,tʲ,LATIN SMALL LETTER T - MODIFIER LETTER SMALL J
D811FACBDA7B1EE029194A7C59DF48B1,ð̪ʼ,LATIN SMALL LETTER ETH - COMBINING BRIDGE BELOW - MODIFIER LETTER APOSTROPHE
5C19A8FEDB2B0124AA7C66E689586A64,ɤː,LATIN SMALL LETTER RAMS HORN - MODIFIER LETTER TRIANGULAR COLON
669DDE9466BD7E8128CB0D0BFB3A2B20,t̠ʃʲ,LATIN SMALL LETTER T - COMBINING MINUS SIGN BELOW - LATIN SMALL LETTER ESH - MODIFIER LETTER SMALL J
0893FE8A6560A9B5DFA0A58647DB558E,ɛ̃,LATIN SMALL LETTER OPEN E - COMBINING TILDE
8EB42EA410A32B30095194B613991F57,ŋmɡb,LATIN SMALL LETTER ENG - LATIN SMALL LETTER M - LATIN SMALL LETTER SCRIPT G - LATIN SMALL LETTER B
E8929F8B062DC2469EEDA96A98BD8D3A,ɔ̃,LATIN SMALL LETTER OPEN O - COMBINING TILDE
B6A183CD49975B9F63B7F4EA8CE885F6,nz,LATIN SMALL LETTER N - LATIN SMALL LETTER Z
2F8EC6B0EA3ECBE22B3D360AF6A330C2,mʷ,LATIN SMALL LETTER M - MODIFIER LETTER SMALL W
62B50AA4D6AD6E1D010DD073BCD23B7E,ɰ,LATIN SMALL LETTER TURNED M WITH LONG LEG
BDCB476FDF9F0038840AE713F09550BD,ə̘,LATIN SMALL LETTER SCHWA - COMBINING LEFT TACK BELOW
D47E305230AF5B8AD808EC71E2E40B0A,l̥,LATIN SMALL LETTER L - COMBINING RING BELOW
27619799640A03D4697D6FDDDB1F74A5,r̥,LATIN SMALL LETTER R - COMBINING RING BELOW
0C09EF7DD3A046DCF26731D2541C461C,kʷʰ,LATIN SMALL LETTER K - MODIFIER LETTER SMALL W - MODIFIER LETTER SMALL H
8BFEFCBF0A8229643560D35F7A45AD6F,ʕɦ,LATIN LETTER PHARYNGEAL VOICED FRICATIVE - LATIN SMALL LETTER H WITH HOOK
897C29F2A53EB07052098AF594244D0C,ħh,LATIN SMALL LETTER H WITH STROKE - LATIN SMALL LETTER H
B4E8882DC0ECB15B530905B747205C8C,ɡʷʰ,LATIN SMALL LETTER SCRIPT G - MODIFIER LETTER SMALL W - MODIFIER LETTER SMALL H
C20939F4B08BCC96CDF232BCF763B8AC,d̪ð̪,LATIN SMALL LETTER D - COMBINING BRIDGE BELOW - LATIN SMALL LETTER ETH - COMBINING BRIDGE BELOW
1328DE7368EC9B18055FBBC5445E9307,n̥,LATIN SMALL LETTER N - COMBINING RING BELOW
871B92989C5EC420B7D61B05731D1E83,qʰ,LATIN SMALL LETTER Q - MODIFIER LETTER SMALL H
A9C9D494A182D573F46891C22E0BABEB,tθʰ,LATIN SMALL LETTER T - GREEK SMALL LETTER THETA - MODIFIER LETTER SMALL H
976E51A850C627DC92F4A41E45BB017E,t̪θ̪ʼ,LATIN SMALL LETTER T - COMBINING BRIDGE BELOW - GREEK SMALL LETTER THETA - COMBINING BRIDGE BELOW - MODIFIER LETTER APOSTROPHE
9C6117430968F42700ACD02E4E7442F7,t̠ʃʰ,LATIN SMALL LETTER T - COMBINING MINUS SIGN BELOW - LATIN SMALL LETTER ESH - MODIFIER LETTER SMALL H
C6880E4D32532681166EBA4D7D3AA2E0,tsʰ,LATIN SMALL LETTER T - LATIN SMALL LETTER S - MODIFIER LETTER SMALL H
F2C1BD21A3AFCCB8E2BE8CD8DFFE52E8,ɜː,LATIN SMALL LETTER REVERSED OPEN E - MODIFIER LETTER TRIANGULAR COLON
E12BC6D5BBF9272E866810A376DEEF52,ɛː,LATIN SMALL LETTER OPEN E - MODIFIER LETTER TRIANGULAR COLON
7D4AEC4169D5DB682621A0F86C706FC9,ɔː,LATIN SMALL LETTER OPEN O - MODIFIER LETTER TRIANGULAR COLON
1015E79EACD7013D4873572B6AB0510D,iɛ,LATIN SMALL LETTER I - LATIN SMALL LETTER OPEN E
C615E80D7BD204F79239594B45E22747,ia,LATIN SMALL LETTER I - LATIN SMALL LETTER A
24E11ABCF1AD3B0C6D805A63C3D713A4,ua,LATIN SMALL LETTER U - LATIN SMALL LETTER A
25FF4E805EBF505F22EA80BD30A69D90,əɛ,LATIN SMALL LETTER SCHWA - LATIN SMALL LETTER OPEN E
8DAF1BD9A592E0FBAFDB95AF33FEFA0E,uɔ,LATIN SMALL LETTER U - LATIN SMALL LETTER OPEN O
06088A99AD4B6E006A6CFE7499104796,e̥,LATIN SMALL LETTER E - COMBINING RING BELOW
4563A9B9ABA1D0DBF14EDE55D11BE085,ʃʼ,LATIN SMALL LETTER ESH - MODIFIER LETTER APOSTROPHE
77FB1967C8D16A666F18E8A4E9CB2CFD,cçʰ,LATIN SMALL LETTER C - LATIN SMALL LETTER C WITH CEDILLA - MODIFIER LETTER SMALL H
83843751C883EFE80D3DBD0A856D9BC2,ḁ,LATIN SMALL LETTER A - COMBINING RING BELOW
3123B22F0C399850B3B9CB3131425F95,i̥,LATIN SMALL LETTER I - COMBINING RING BELOW
F347AF0289EB49B194A5CC27242E1937,u̥,LATIN SMALL LETTER U - COMBINING RING BELOW
72CF7CDA3EAF210A59BCC9FD2574DBEC,ʂʼ,LATIN SMALL LETTER S WITH HOOK - MODIFIER LETTER APOSTROPHE
84288A5D605CF98D0898A9616D91BBCC,cçʼ,LATIN SMALL LETTER C - LATIN SMALL LETTER C WITH CEDILLA - MODIFIER LETTER APOSTROPHE
A091D5BE5E94E04BB5D325F3B4D1C13D,ɨ̥,LATIN SMALL LETTER I WITH STROKE - COMBINING RING BELOW
E0A85D9E738F85CF9A03AE87E20EB4EA,rˀ,LATIN SMALL LETTER R - MODIFIER LETTER GLOTTAL STOP
C74D4CD97FCB1EB3BA8BB86CC7A68647,ɵ,LATIN SMALL LETTER BARRED O
88077D69EC74F838E3E0CB894B5E7E70,ɵː,LATIN SMALL LETTER BARRED O - MODIFIER LETTER TRIANGULAR COLON
E627208937A56F5A8C1A5994DE4D9C8A,ŋk,LATIN SMALL LETTER ENG - LATIN SMALL LETTER K
BF12DE184C2966E2D5F83A7F25285B98,mp,LATIN SMALL LETTER M - LATIN SMALL LETTER P
85724A21B8DBE4FE9B73D6508EFC00D9,nt,LATIN SMALL LETTER N - LATIN SMALL LETTER T
2FD2F5D4CB36D467FCD801D5AC780228,aj,LATIN SMALL LETTER A - LATIN SMALL LETTER J
7FF9CE2E3E82788B4FF51ABA6AE42B60,aw,LATIN SMALL LETTER A - LATIN SMALL LETTER W
8AD5C612764E127E084477DD1C52B817,cç,LATIN SMALL LETTER C - LATIN SMALL LETTER C WITH CEDILLA
BE81A18FCCFFEDC9ACF3B18F14E766BD,ɖ,LATIN SMALL LETTER D WITH TAIL
F326C3A9DEC331359D3C189A02B5F7E5,ɟʝ,LATIN SMALL LETTER DOTLESS J WITH STROKE - LATIN SMALL LETTER J WITH CROSSED-TAIL
ECD13982078F0330EDE617F71AB50BBF,tʲʼ,LATIN SMALL LETTER T - MODIFIER LETTER SMALL J - MODIFIER LETTER APOSTROPHE
6DDDC3022EB17BD848620F246D867FD1,ns,LATIN SMALL LETTER N - LATIN SMALL LETTER S
98C25FD77ED38B80CBD57629F93A9DF8,tˠ,LATIN SMALL LETTER T - MODIFIER LETTER SMALL GAMMA
17D3D8B5A69D84B5A0CE42107F458826,mˠ,LATIN SMALL LETTER M - MODIFIER LETTER SMALL GAMMA
AB82830F169A66AB145EF22527B96A24,ŋɡʷ,LATIN SMALL LETTER ENG - LATIN SMALL LETTER SCRIPT G - MODIFIER LETTER SMALL W
BF334E795E5CAAAC193F6D3B1CFFAD84,ĕ,LATIN SMALL LETTER E - COMBINING BREVE
740DB365E4CF6779158B9454DBDD1460,uo,LATIN SMALL LETTER U - LATIN SMALL LETTER O
35B6E18B055F7621FA32D24600C7EDC6,kː,LATIN SMALL LETTER K - MODIFIER LETTER TRIANGULAR COLON
30165CD7CBD456AD23965FFF9324A6E9,mː,LATIN SMALL LETTER M - MODIFIER LETTER TRIANGULAR COLON
DCA95603F25D35DC7849C173B1B63642,mbʷ,LATIN SMALL LETTER M - LATIN SMALL LETTER B - MODIFIER LETTER SMALL W
0A6EAA5C52B5FA8BF685047F7CE47780,nː,LATIN SMALL LETTER N - MODIFIER LETTER TRIANGULAR COLON
AA89054E01BE981D8BBE7074765BA301,ɳɖ,LATIN SMALL LETTER N WITH RETROFLEX HOOK - LATIN SMALL LETTER D WITH TAIL
E849BE91DF350F760A79E17668E93092,ɲɟ,LATIN SMALL LETTER N WITH LEFT HOOK - LATIN SMALL LETTER DOTLESS J WITH STROKE
DAA293A200C8597396725116EC9D5654,pː,LATIN SMALL LETTER P - MODIFIER LETTER TRIANGULAR COLON
89135AE8B291E91395AD52BAA7592587,pʷ,LATIN SMALL LETTER P - MODIFIER LETTER SMALL W
8E0A811394AB18A49D7448F524FB77E0,qː,LATIN SMALL LETTER Q - MODIFIER LETTER TRIANGULAR COLON
89F9825488A15324615819E7A614926B,sː,LATIN SMALL LETTER S - MODIFIER LETTER TRIANGULAR COLON
2FF610B79450F21F9661BCDB08BDC4BC,tː,LATIN SMALL LETTER T - MODIFIER LETTER TRIANGULAR COLON
8D8F577E360F581BBCC510A0AD4AD2D4,ŋː,LATIN SMALL LETTER ENG - MODIFIER LETTER TRIANGULAR COLON
A2B97A142E3389D4C9DA6B029528BCFF,ʈː,LATIN SMALL LETTER T WITH RETROFLEX HOOK - MODIFIER LETTER TRIANGULAR COLON
1243376B0287E495B3FF5651982305BE,mʷʼ,LATIN SMALL LETTER M - MODIFIER LETTER SMALL W - MODIFIER LETTER APOSTROPHE
037BCFE6D686DA935B08B6CE50CDE52D,pːʷ,LATIN SMALL LETTER P - MODIFIER LETTER TRIANGULAR COLON - MODIFIER LETTER SMALL W
ED66B62EABB371E7718DD5372199A281,tʲʰ,LATIN SMALL LETTER T - MODIFIER LETTER SMALL J - MODIFIER LETTER SMALL H
3A357AE68F00D5DFDA9501F5ED36A6C3,dʲ,LATIN SMALL LETTER D - MODIFIER LETTER SMALL J
DECBDF50EB1C53E9D28098C30225B28D,kʲʼ,LATIN SMALL LETTER K - MODIFIER LETTER SMALL J - MODIFIER LETTER APOSTROPHE
223BEBB6C27C0E6D15422BD5971880A9,kʲʰ,LATIN SMALL LETTER K - MODIFIER LETTER SMALL J - MODIFIER LETTER SMALL H
150A538C7E2282D95ADFDBDAD9AAF830,tɬʰ,LATIN SMALL LETTER T - LATIN SMALL LETTER L WITH BELT - MODIFIER LETTER SMALL H
63CD412322D571F5E7A86EF13A2A5684,ea,LATIN SMALL LETTER E - LATIN SMALL LETTER A
6CA672252AAAD9B7453EFA40BB356707,oa,LATIN SMALL LETTER O - LATIN SMALL LETTER A
2ECCDDB16D4285722A8B5603DAE11005,yø,LATIN SMALL LETTER Y - LATIN SMALL LETTER O WITH STROKE
6D24EE617FD4CBF6D3BA2BAA79EEE941,ɐː,LATIN SMALL LETTER TURNED A - MODIFIER LETTER TRIANGULAR COLON
C63B20198BA2658C7528ED34088B5AD3,ɨe,LATIN SMALL LETTER I WITH STROKE - LATIN SMALL LETTER E
E473B50B2D71F773C5CA69249A005329,ʔʷ,LATIN LETTER GLOTTAL STOP - MODIFIER LETTER SMALL W
B17EC46468FB57F4D6758BFC0073C14D,iə,LATIN SMALL LETTER I - LATIN SMALL LETTER SCHWA
D9EA6EC983D8DB08D5DD6543894DDEF7,ie,LATIN SMALL LETTER I - LATIN SMALL LETTER E
2ED41B5E874292EB0C3BBC6F31DC6FCC,n̪,LATIN SMALL LETTER N - COMBINING BRIDGE BELOW
F3826EE83410EA00A7C1DF89AC317CAF,jː,LATIN SMALL LETTER J - MODIFIER LETTER TRIANGULAR COLON
4DB108BB5E5FA3A40FED7AD2E0D076C1,wː,LATIN SMALL LETTER W - MODIFIER LETTER TRIANGULAR COLON
E9816BABF98BFDAB39019D860D8C458F,ɜ,LATIN SMALL LETTER REVERSED OPEN E
7A6E282428E30E734D69822920207F64,l̤,LATIN SMALL LETTER L - COMBINING DIAERESIS BELOW
DBF19273A36B35FFE4DF7AB307D39476,n̤,LATIN SMALL LETTER N - COMBINING DIAERESIS BELOW
A46A14D2493FE98841C383163FC46475,sʰ,LATIN SMALL LETTER S - MODIFIER LETTER SMALL H
0F8984CD6F72879A4ED342F13843BD48,ŋ̤,LATIN SMALL LETTER ENG - COMBINING DIAERESIS BELOW
A9280FF81A961FE96EAEC6AA19DFED12,ɔ̤,LATIN SMALL LETTER OPEN O - COMBINING DIAERESIS BELOW
DE727911EDC074239FD740BFC5561155,a̤,LATIN SMALL LETTER A - COMBINING DIAERESIS BELOW
9D82C6C20E6D189355D54C7FAF648D1D,e̤,LATIN SMALL LETTER E - COMBINING DIAERESIS BELOW
EE497CBEEC30D7B561882D17B9037944,j̥,LATIN SMALL LETTER J - COMBINING RING BELOW
939A7975CF9076575231885607327720,i̤,LATIN SMALL LETTER I - COMBINING DIAERESIS BELOW
F61883B1DE401AAC8D05094B23586566,m̤,LATIN SMALL LETTER M - COMBINING DIAERESIS BELOW
CC1E59C975C3CABCB4BABD4837524AA1,ɤ̤,LATIN SMALL LETTER RAMS HORN - COMBINING DIAERESIS BELOW
B8B8BB7DBFA65900231B523140B9BDD9,o̤,LATIN SMALL LETTER O - COMBINING DIAERESIS BELOW
B50D8EC9AF144F73041FAD8AA61301EC,ṳ,LATIN SMALL LETTER U - COMBINING DIAERESIS BELOW
5E12425DA8E8C8FD24F187BE6A56D20F,ai,LATIN SMALL LETTER A - LATIN SMALL LETTER I
25061B1A6BE5A4214D5C675C56B92574,au,LATIN SMALL LETTER A - LATIN SMALL LETTER U
3649FB0AF894ECF74399C9B5AE4EFB3A,ei,LATIN SMALL LETTER E - LATIN SMALL LETTER I
2ACE347893543DDC9E1B5194E574A95E,eu,LATIN SMALL LETTER E - LATIN SMALL LETTER U
F9AF7F69BAF784734B0A933BC629BCCA,oi,LATIN SMALL LETTER O - LATIN SMALL LETTER I
BE3730A853FBA861E9A26303281AD485,ui,LATIN SMALL LETTER U - LATIN SMALL LETTER I
02CD835C8B5754AB3DB22940C8405C85,lː,LATIN SMALL LETTER L - MODIFIER LETTER TRIANGULAR COLON
010B4A2C6472D9909A0AE8C30FA45593,ɦ,LATIN SMALL LETTER H WITH HOOK
B2DBBC1A3DE3F1B6731AEEF21C338B9B,ʍ,LATIN SMALL LETTER TURNED W
BADD5278A1875AD712FBE917B2D82E21,iu,LATIN SMALL LETTER I - LATIN SMALL LETTER U
BD43B88339559C4112037A751DD12AD5,ou,LATIN SMALL LETTER O - LATIN SMALL LETTER U
4AC20DDBE7F50AB0A361E2FE58A1C3B4,uə,LATIN SMALL LETTER U - LATIN SMALL LETTER SCHWA
73B8552DE20BB0548BB9808E8E18C4FE,ˀɲ,MODIFIER LETTER GLOTTAL STOP - LATIN SMALL LETTER N WITH LEFT HOOK
03E43212BE35286D3C9B0F038D2C0383,ˀb,MODIFIER LETTER GLOTTAL STOP - LATIN SMALL LETTER B
9FBC0DCDD27008A35254FDBE10148877,ˀj,MODIFIER LETTER GLOTTAL STOP - LATIN SMALL LETTER J
3E8251232BB9055E80C7F70E3309E306,ˀl,MODIFIER LETTER GLOTTAL STOP - LATIN SMALL LETTER L
BA640BECA114188D583D6BE46A93283F,ˀm,MODIFIER LETTER GLOTTAL STOP - LATIN SMALL LETTER M
5EF4491102FB3BF4627E8D0313513FF4,ˀn,MODIFIER LETTER GLOTTAL STOP - LATIN SMALL LETTER N
6F408A59FF03BF7C7AB52650927FEA83,ˀŋ,MODIFIER LETTER GLOTTAL STOP - LATIN SMALL LETTER ENG
A280472652D6720DE4453AEBF0DDD21B,ˀr,MODIFIER LETTER GLOTTAL STOP - LATIN SMALL LETTER R
D042F4066B088AB231DAFBA8C064F449,aːi,LATIN SMALL LETTER A - MODIFIER LETTER TRIANGULAR COLON - LATIN SMALL LETTER I
C5E68157C96FE994E160198EB8E05EB8,aːu,LATIN SMALL LETTER A - MODIFIER LETTER TRIANGULAR COLON - LATIN SMALL LETTER U
AF0BA3378B269771157E76E3157F655B,ɺ,LATIN SMALL LETTER TURNED R WITH LONG LEG
4364823B8F03525E91440277AEC22689,ʈʰ,LATIN SMALL LETTER T WITH RETROFLEX HOOK - MODIFIER LETTER SMALL H
926EDDFF54A6A7130B68AA54CABDF584,ʈʼ,LATIN SMALL LETTER T WITH RETROFLEX HOOK - MODIFIER LETTER APOSTROPHE
051F53069ABAEA0FBFD98E410052886C,ʛ̥,LATIN LETTER SMALL CAPITAL G WITH HOOK - COMBINING RING BELOW
8C70D620A1A2D179E7D9923C5FED605D,ɲc,LATIN SMALL LETTER N WITH LEFT HOOK - LATIN SMALL LETTER C
95319955D5FDB3BF889BDE9FC386FA50,ʕʼ,LATIN LETTER PHARYNGEAL VOICED FRICATIVE - MODIFIER LETTER APOSTROPHE
B8994332FDBA860FBF04E4909070DD37,ɰʼ,LATIN SMALL LETTER TURNED M WITH LONG LEG - MODIFIER LETTER APOSTROPHE
9912FD6C2BAE9A45CDE4F9C3B711D977,ɰʷ,LATIN SMALL LETTER TURNED M WITH LONG LEG - MODIFIER LETTER SMALL W
B379107124742CAAAF7B5EA81EDB38E4,ɰʼʷ,LATIN SMALL LETTER TURNED M WITH LONG LEG - MODIFIER LETTER APOSTROPHE - MODIFIER LETTER SMALL W
C0325B7E03564C151AD017D0DF3EA266,jʼ,LATIN SMALL LETTER J - MODIFIER LETTER APOSTROPHE
47A7ED6DF470CC92E651D5E29C810163,lʼ,LATIN SMALL LETTER L - MODIFIER LETTER APOSTROPHE
2DACD0FD12579B37536EAE44F691378D,mʼ,LATIN SMALL LETTER M - MODIFIER LETTER APOSTROPHE
E80AE89D12184C349A33024EC1CE7814,nʼ,LATIN SMALL LETTER N - MODIFIER LETTER APOSTROPHE
20271C22B33D9D771109BA69682724CD,ŋʷʼ,LATIN SMALL LETTER ENG - MODIFIER LETTER SMALL W - MODIFIER LETTER APOSTROPHE
6D0450D21BAA2EC3C7176BB735E02E52,rʼ,LATIN SMALL LETTER R - MODIFIER LETTER APOSTROPHE
B08E760A3873BF075D144CA196B1E354,wʼ,LATIN SMALL LETTER W - MODIFIER LETTER APOSTROPHE
D9A04D03A0569FF217DBA49289D93B80,ɵ̆,LATIN SMALL LETTER BARRED O - COMBINING BREVE
1707751075465ED2EEC92AB73A97D6E1,ndr,LATIN SMALL LETTER N - LATIN SMALL LETTER D - LATIN SMALL LETTER R
8C1A823C6A8A45A785B1FFEBF762E476,dr,LATIN SMALL LETTER D - LATIN SMALL LETTER R
416C1368136E902D5539703768500520,tr,LATIN SMALL LETTER T - LATIN SMALL LETTER R
C457E0F1350BE9BECABE6FEFD1348B8E,ɬʼ,LATIN SMALL LETTER L WITH BELT - MODIFIER LETTER APOSTROPHE
51D5BA3E1D0E6A57D20B0E3372A16700,θ̪ʼ,GREEK SMALL LETTER THETA - COMBINING BRIDGE BELOW - MODIFIER LETTER APOSTROPHE
887F49F7E15117E2639E1D17FC0B8EB2,ŋ̥,LATIN SMALL LETTER ENG - COMBINING RING BELOW
0A91CF68DC2F5F5D919483CFE48E6EA0,ɲ̥,LATIN SMALL LETTER N WITH LEFT HOOK - COMBINING RING BELOW
B1A2F27B0E8E677F80D62DDD3CB034D6,ˀd,MODIFIER LETTER GLOTTAL STOP - LATIN SMALL LETTER D
5B6ED02FFFBB1BD69BAEE1C2EC5543F6,ã̘,LATIN SMALL LETTER A - COMBINING TILDE - COMBINING LEFT TACK BELOW
2503DC93632762E8EBC52E37F6901E0C,ĩ̘,LATIN SMALL LETTER I - COMBINING LEFT TACK BELOW - COMBINING TILDE
8B51CEB9871277A419FB8766D3988AFC,ũ̘,LATIN SMALL LETTER U - COMBINING LEFT TACK BELOW - COMBINING TILDE
55FDF5C7AED74ADA223A64EC6859373F,ɑ̃,LATIN SMALL LETTER ALPHA - COMBINING TILDE
A3B489972426A3F1C9C3E8F70C60891D,ɯ̃,LATIN SMALL LETTER TURNED M - COMBINING TILDE
07A5AC4B034CB0AB5D7EDE061466784F,ʈʂʼ,LATIN SMALL LETTER T WITH RETROFLEX HOOK - LATIN SMALL LETTER S WITH HOOK - MODIFIER LETTER APOSTROPHE
1221CD26FBA96262AA84D0449FF78413,ʈʂʰ,LATIN SMALL LETTER T WITH RETROFLEX HOOK - LATIN SMALL LETTER S WITH HOOK - MODIFIER LETTER SMALL H
B04336AA155C069DB345D3D413CF209C,ŋˀ,LATIN SMALL LETTER ENG - MODIFIER LETTER GLOTTAL STOP
2D6569210B0655D59E60B256375C3BE1,w̥,LATIN SMALL LETTER W - COMBINING RING BELOW
EBA04A3ED5FD3894A609A88AB2327A02,ɯə,LATIN SMALL LETTER TURNED M - LATIN SMALL LETTER SCHWA
08F8FBF26CDE0E7B56D9162B907DB1B1,ɤɰ,LATIN SMALL LETTER RAMS HORN - LATIN SMALL LETTER TURNED M WITH LONG LEG
96E2BC6AE5DBD8C6C138B6CB14B65FA3,aɰ,LATIN SMALL LETTER A - LATIN SMALL LETTER TURNED M WITH LONG LEG
85B82CCA418ACFF1AD27E3F91F171CC0,T1,LATIN CAPITAL LETTER T - DIGIT ONE
0B42BA1A1DF455918F980E619AE18C0B,T2,LATIN CAPITAL LETTER T - DIGIT TWO
6715DE1078595925519639C48892D39C,T3,LATIN CAPITAL LETTER T - DIGIT THREE
CF16A4B609D0F5EF4BC2327A6A83F58A,b̥,LATIN SMALL LETTER B - COMBINING RING BELOW
C0A16085D28E420764D7FD27A85E0B99,d̥,LATIN SMALL LETTER D - COMBINING RING BELOW
3932D257F7A49E71B1DBB0FA5969F386,ɡ̥,LATIN SMALL LETTER SCRIPT G - COMBINING RING BELOW
E1F8DD5414F4043E63E615EB170BA295,kx,LATIN SMALL LETTER K - LATIN SMALL LETTER X
D418E761F17614DCFCAE81181526DD99,ɖʐ,LATIN SMALL LETTER D WITH TAIL - LATIN SMALL LETTER Z WITH RETROFLEX HOOK
D9B28B2D674EBA4B03C38B36D77E563E,ə,LATIN SMALL LETTER SCHWA
1F3071708890EDDCE61D04D68D41543A,ɑi,LATIN SMALL LETTER ALPHA - LATIN SMALL LETTER I
103223CE6046EB32BF8B94745DBF29B4,ɑɯ,LATIN SMALL LETTER ALPHA - LATIN SMALL LETTER TURNED M
950E9BDE9091AFA8E6D1A4D90B95F975,ɑu,LATIN SMALL LETTER ALPHA - LATIN SMALL LETTER U
6A1353B801C8C44B2AA92F6E9A628496,T4,LATIN CAPITAL LETTER T - DIGIT FOUR
F98D1F5885EED9A2408A55B509F263BD,tɕ,LATIN SMALL LETTER T - LATIN SMALL LETTER C WITH CURL
A7B91F7C0EC9AC0179CEBB1204C26358,ɠ,LATIN SMALL LETTER G WITH HOOK
F065641E0402A3988BDA88C38E8EB34D,zʲ,LATIN SMALL LETTER Z - MODIFIER LETTER SMALL J
359D8C5FEAA18466059F2427790039DC,dzʲ,LATIN SMALL LETTER D - LATIN SMALL LETTER Z - MODIFIER LETTER SMALL J
F49189D439D7CFB5F697CEA8B5DB6591,ɑːi,LATIN SMALL LETTER ALPHA - MODIFIER LETTER TRIANGULAR COLON - LATIN SMALL LETTER I
F68895A5F09741159726AE98A62A87DD,ɑːu,LATIN SMALL LETTER ALPHA - MODIFIER LETTER TRIANGULAR COLON - LATIN SMALL LETTER U
ED921AC9F6C2ABBAC1602F39891DADCF,əː,LATIN SMALL LETTER SCHWA - MODIFIER LETTER TRIANGULAR COLON
516350E7AE95E5CC180DBA424343695D,ẽː,LATIN SMALL LETTER E - COMBINING TILDE - MODIFIER LETTER TRIANGULAR COLON
457E4E01C741D892326B84B8A7D1452E,õː,LATIN SMALL LETTER O - COMBINING TILDE - MODIFIER LETTER TRIANGULAR COLON
BF93B485560325B98EACB69D278AD493,ɹ,LATIN SMALL LETTER TURNED R
0D4B664697F5425E23258E8F4C94AD7B,ɟʰ,LATIN SMALL LETTER DOTLESS J WITH STROKE - MODIFIER LETTER SMALL H
55F65326D3B804C38C664DF54DEFA1A1,H1,LATIN CAPITAL LETTER H - DIGIT ONE
6826B0399DE73D13A8A7604B5BF2F393,H2,LATIN CAPITAL LETTER H - DIGIT TWO
0EB38D75772368A354FD0A9C0C5C8F28,H3,LATIN CAPITAL LETTER H - DIGIT THREE
621CCB2F15954DE1F5EEDA27735838D0,tʼː,LATIN SMALL LETTER T - MODIFIER LETTER APOSTROPHE - MODIFIER LETTER TRIANGULAR COLON
94051C4D65D0EEC3F7E4687363F16AE6,kʼː,LATIN SMALL LETTER K - MODIFIER LETTER APOSTROPHE - MODIFIER LETTER TRIANGULAR COLON
9920C29AC2DA829A92EC1BC2C1504849,ʔː,LATIN LETTER GLOTTAL STOP - MODIFIER LETTER TRIANGULAR COLON
97DED3C2CA0EB378AC531C0752A6906F,bː,LATIN SMALL LETTER B - MODIFIER LETTER TRIANGULAR COLON
AF55984F7DCE6CC6910C605F97C59E55,dː,LATIN SMALL LETTER D - MODIFIER LETTER TRIANGULAR COLON
A1959D41630316B7022C7F211D6599D9,ɡː,LATIN SMALL LETTER SCRIPT G - MODIFIER LETTER TRIANGULAR COLON
1D1F9ED0B177532C7064E2F75DBF59A6,tsʼː,LATIN SMALL LETTER T - LATIN SMALL LETTER S - MODIFIER LETTER APOSTROPHE - MODIFIER LETTER TRIANGULAR COLON
322CF5CB42BB9E3F7DC4393B92A90F7C,tsː,LATIN SMALL LETTER T - LATIN SMALL LETTER S - MODIFIER LETTER TRIANGULAR COLON
77EF33A8C28755700BB158FDC197BCA4,tɬː,LATIN SMALL LETTER T - LATIN SMALL LETTER L WITH BELT - MODIFIER LETTER TRIANGULAR COLON
1FECD33E3BFF3123C13B55ACDC99400F,dzː,LATIN SMALL LETTER D - LATIN SMALL LETTER Z - MODIFIER LETTER TRIANGULAR COLON
1F6C18F9A9C4D756E6794FCEFA60952E,χː,GREEK SMALL LETTER CHI - MODIFIER LETTER TRIANGULAR COLON
4C775776537E3DBA122A12CC062CD6EC,kʷː,LATIN SMALL LETTER K - MODIFIER LETTER SMALL W - MODIFIER LETTER TRIANGULAR COLON
96F8300A3A6F5A403C59356C3B456BE4,hː,LATIN SMALL LETTER H - MODIFIER LETTER TRIANGULAR COLON
8A2147CEAD6091015AA0965F0B6C2AEB,tˤ,LATIN SMALL LETTER T - MODIFIER LETTER SMALL REVERSED GLOTTAL STOP
7D184A6DCDA3EB154F9CB34651E02EEE,θ,GREEK SMALL LETTER THETA
0DFBF367B9BA9F4F2FE3281B82DCAFE6,θˤ,GREEK SMALL LETTER THETA - MODIFIER LETTER SMALL REVERSED GLOTTAL STOP
35C386C6B0CA2D6E38CD56396F233034,sˤ,LATIN SMALL LETTER S - MODIFIER LETTER SMALL REVERSED GLOTTAL STOP
47291C67010B4DBEAA93DB31BA0ABD0B,ðˤ,LATIN SMALL LETTER ETH - MODIFIER LETTER SMALL REVERSED GLOTTAL STOP
6AA139238437B0EBB23B1B15073313FD,tˤː,LATIN SMALL LETTER T - MODIFIER LETTER SMALL REVERSED GLOTTAL STOP - MODIFIER LETTER TRIANGULAR COLON
1AEE2DB972C8FD9AFB48C4C1B451C729,fː,LATIN SMALL LETTER F - MODIFIER LETTER TRIANGULAR COLON
FE130C94BFBDD0F4C81F663849C21DE3,θː,GREEK SMALL LETTER THETA - MODIFIER LETTER TRIANGULAR COLON
C4E402B5422E6E4A01312F22F4975F27,ɬː,LATIN SMALL LETTER L WITH BELT - MODIFIER LETTER TRIANGULAR COLON
11BA86428BB2A632682677515F0DED9A,ʃː,LATIN SMALL LETTER ESH - MODIFIER LETTER TRIANGULAR COLON
8C9EA4D20A1592AE89CEBFD0406B1A49,çː,LATIN SMALL LETTER C WITH CEDILLA - MODIFIER LETTER TRIANGULAR COLON
9D6F9BBD4D024876E2B1A28EF8147679,ħː,LATIN SMALL LETTER H WITH STROKE - MODIFIER LETTER TRIANGULAR COLON
58459195DE864AFA4BB1724F41A57092,θˤː,GREEK SMALL LETTER THETA - MODIFIER LETTER SMALL REVERSED GLOTTAL STOP - MODIFIER LETTER TRIANGULAR COLON
4157F7923F47DFE3C4EEDAE3DBD28F37,sˤː,LATIN SMALL LETTER S - MODIFIER LETTER SMALL REVERSED GLOTTAL STOP - MODIFIER LETTER TRIANGULAR COLON
864B1E810E9C0D0F15C3BD2E9A64E6D1,βː,GREEK SMALL LETTER BETA - MODIFIER LETTER TRIANGULAR COLON
1CFAB94FB31CCC5E51001AD1C96B2268,ðː,LATIN SMALL LETTER ETH - MODIFIER LETTER TRIANGULAR COLON
55178E3BFB75E825B7E1DDB1ECAC84EA,zː,LATIN SMALL LETTER Z - MODIFIER LETTER TRIANGULAR COLON
4D635B40A4819A4A50ADF8E7766C3693,ɣː,LATIN SMALL LETTER GAMMA - MODIFIER LETTER TRIANGULAR COLON
266D8C2F877D82D0AEDD04F160C7EA7B,ðˤː,LATIN SMALL LETTER ETH - MODIFIER LETTER SMALL REVERSED GLOTTAL STOP - MODIFIER LETTER TRIANGULAR COLON
47DB47E11893711783759B4BD213B356,kˤ,LATIN SMALL LETTER K - MODIFIER LETTER SMALL REVERSED GLOTTAL STOP
8BF0D6EFCB996E73C0CF60A2CF7D6D30,ɬˤ,LATIN SMALL LETTER L WITH BELT - MODIFIER LETTER SMALL REVERSED GLOTTAL STOP
330D41249CF0C4909A4938BE6FCC9311,ãː,LATIN SMALL LETTER A - COMBINING TILDE - MODIFIER LETTER TRIANGULAR COLON
5745AAC70E7A7B7175204204FFBE639F,ɒ,LATIN SMALL LETTER TURNED ALPHA
18443624C4BA78CE617C4B6F57563DD4,r̩,LATIN SMALL LETTER R - COMBINING VERTICAL LINE BELOW
5B46730211D403D44939C20A4D77EACA,ɕ,LATIN SMALL LETTER C WITH CURL
F927B77FA49C7A849AEB78FB55268B69,ʑ,LATIN SMALL LETTER Z WITH CURL
902920A127B42AF0CEC214D96BEF27C4,ʟ,LATIN LETTER SMALL CAPITAL L
355482AA509361614F96AFD81AD61DCB,ħʷ,LATIN SMALL LETTER H WITH STROKE - MODIFIER LETTER SMALL W
53182B7592C84FD14CC41EC5ED8C31E3,θʼ,GREEK SMALL LETTER THETA - MODIFIER LETTER APOSTROPHE
B6C54370D7EF7F5D178E5133AB5B533B,θʼː,GREEK SMALL LETTER THETA - MODIFIER LETTER APOSTROPHE - MODIFIER LETTER TRIANGULAR COLON
171AC182998D6A358C0A839BB8B5B46C,ɬʼː,LATIN SMALL LETTER L WITH BELT - MODIFIER LETTER APOSTROPHE - MODIFIER LETTER TRIANGULAR COLON
66193B010741E85E33842E8BF66CA9F0,ʕː,LATIN LETTER PHARYNGEAL VOICED FRICATIVE - MODIFIER LETTER TRIANGULAR COLON
CA162A93D78219F1086F24065457D30D,ř,LATIN SMALL LETTER R WITH CARON
AE2B13BD2C72671B70BE509BF06C79E9,ðʼ,LATIN SMALL LETTER ETH - MODIFIER LETTER APOSTROPHE
41D8827BB943E1FB9055A7487293BA79,pˀ,LATIN SMALL LETTER P - MODIFIER LETTER GLOTTAL STOP
F9C8F7C1268A014D84AAEDA9FF26D089,tˀ,LATIN SMALL LETTER T - MODIFIER LETTER GLOTTAL STOP
FD5F03C820AF3954CDDA2A34466505BF,ʈˀ,LATIN SMALL LETTER T WITH RETROFLEX HOOK - MODIFIER LETTER GLOTTAL STOP
9897B73F24B6B30A709AF93CE2A80BF8,kˀ,LATIN SMALL LETTER K - MODIFIER LETTER GLOTTAL STOP
3F1D6508D5FE3D60836E3C69E9A1ED77,qˀ,LATIN SMALL LETTER Q - MODIFIER LETTER GLOTTAL STOP
001066A8DCAAFCD034B8E48F6743B2AA,t̠ʃˀ,LATIN SMALL LETTER T - COMBINING MINUS SIGN BELOW - LATIN SMALL LETTER ESH - MODIFIER LETTER GLOTTAL STOP
995D91FC168880815FFC96F9436ADEC9,s̺,LATIN SMALL LETTER S - COMBINING INVERTED BRIDGE BELOW
C71C58280319B53C25D80420308FA597,s̺ː,LATIN SMALL LETTER S - COMBINING INVERTED BRIDGE BELOW - MODIFIER LETTER TRIANGULAR COLON
67D49CEF4F04C997CD3C6E6C2D803959,dʑ,LATIN SMALL LETTER D - LATIN SMALL LETTER Z WITH CURL
E10945D0F7DD841688F31801F7A74996,b̤ʰ,LATIN SMALL LETTER B - COMBINING DIAERESIS BELOW - MODIFIER LETTER SMALL H
22ADD77D27ACDF23339A13D498D38F20,d̤ʰ,LATIN SMALL LETTER D - COMBINING DIAERESIS BELOW - MODIFIER LETTER SMALL H
E216689E39FA8F556021D5E593AA7CF4,t̠ʆ,LATIN SMALL LETTER T - COMBINING MINUS SIGN BELOW - LATIN SMALL LETTER ESH WITH CURL
1C45BA9E3F82112C8C895DD0FB6E6E7F,d̠ʓ,LATIN SMALL LETTER D - COMBINING MINUS SIGN BELOW - LATIN SMALL LETTER EZH WITH CURL
71D720E2D0E58AB40D8EC45699B4B4C5,t̠ʆʰ,LATIN SMALL LETTER T - COMBINING MINUS SIGN BELOW - LATIN SMALL LETTER ESH WITH CURL - MODIFIER LETTER SMALL H
507BA698E52BC2EE47EA0AB2506EE9FC,d̠ʓʰ,LATIN SMALL LETTER D - COMBINING MINUS SIGN BELOW - LATIN SMALL LETTER EZH WITH CURL - MODIFIER LETTER SMALL H
F73FB250C322228144B84EC6D4F95A49,ɟ̈ʱ,LATIN SMALL LETTER DOTLESS J WITH STROKE - COMBINING DIAERESIS - MODIFIER LETTER SMALL H WITH HOOK
0570A8A5E3E8FD35F78B4F98B16F507B,ɡ̈ʱ,LATIN SMALL LETTER SCRIPT G - COMBINING DIAERESIS - MODIFIER LETTER SMALL H WITH HOOK
84FD9198ADD53CB38EF1B7A66DC0DB74,ɑ̃ː,LATIN SMALL LETTER ALPHA - COMBINING TILDE - MODIFIER LETTER TRIANGULAR COLON
12284E9A12BC41F54DBF307EDD516C76,æ̃ː,LATIN SMALL LETTER AE - COMBINING TILDE - MODIFIER LETTER TRIANGULAR COLON
417ED02FE95557C5B5CB8C0867B87587,t̠ʲ,LATIN SMALL LETTER T - COMBINING MINUS SIGN BELOW - MODIFIER LETTER SMALL J
27FF97E97984FB2EC4FD5E16E61D5530,d̠ʲ,LATIN SMALL LETTER D - COMBINING MINUS SIGN BELOW - MODIFIER LETTER SMALL J
AD72CD4EC883D7F9938CE8AE83D2D730,ʆ,LATIN SMALL LETTER ESH WITH CURL
249EA02953B419E5600494601C4798F2,ʓ,LATIN SMALL LETTER EZH WITH CURL
F41EDBC62C179F718B3D20FB05C26147,l̠ʲ,LATIN SMALL LETTER L - COMBINING MINUS SIGN BELOW - MODIFIER LETTER SMALL J
61E3F61F8CF1FB7491710BA8C627E03F,n̠ʲ,LATIN SMALL LETTER N - COMBINING MINUS SIGN BELOW - MODIFIER LETTER SMALL J
6CCFF96150EA4BDCE1366BCB41B062BB,r̠ʲ,LATIN SMALL LETTER R - COMBINING MINUS SIGN BELOW - MODIFIER LETTER SMALL J
FE4F13796B342F40F8184C655C60580D,ɛi,LATIN SMALL LETTER OPEN E - LATIN SMALL LETTER I
B8654231A8D23801B38D10EE554ACBD5,ʁ,LATIN LETTER SMALL CAPITAL INVERTED R
A6BC925BE30427A4ECE5EB6136535393,pʲ,LATIN SMALL LETTER P - MODIFIER LETTER SMALL J
82D3CEC9D54DFBC7619D0B9EF5F4993E,wʲ,LATIN SMALL LETTER W - MODIFIER LETTER SMALL J
57EA8AF98F6DB6ABCCA78C07BA1F964C,mʲ,LATIN SMALL LETTER M - MODIFIER LETTER SMALL J
20FC839FE1D89514B132E8CEFDE8C8E8,əi,LATIN SMALL LETTER SCHWA - LATIN SMALL LETTER I
D6583CDB585C6532D187D8E1F2209583,ɜi,LATIN SMALL LETTER REVERSED OPEN E - LATIN SMALL LETTER I
5CB65BAFE5AF67F18E1AA6A8DE42F618,ɔi,LATIN SMALL LETTER OPEN O - LATIN SMALL LETTER I
CAC640ECB741C1BA649D312F2186EB70,əu,LATIN SMALL LETTER SCHWA - LATIN SMALL LETTER U
9E46B3002F7BED143C34668398E2BBD7,ɛu,LATIN SMALL LETTER OPEN E - LATIN SMALL LETTER U
C0BADAB2EE4357D2B0319D4A4B8A0A84,ɜu,LATIN SMALL LETTER REVERSED OPEN E - LATIN SMALL LETTER U
2F5AF75D2EEF66E3D102C24ECE9D7EF6,ɔu,LATIN SMALL LETTER OPEN O - LATIN SMALL LETTER U
E1E0A66A7019DAB26B423051648216D0,t̠,LATIN SMALL LETTER T - COMBINING MINUS SIGN BELOW
D9A1F3786F5DE62FA2ECECBF2036BCBB,d̠,LATIN SMALL LETTER D - COMBINING MINUS SIGN BELOW
B77185AA8F9C8642EECE12FC542B9395,t̠s̠,LATIN SMALL LETTER T - COMBINING MINUS SIGN BELOW - LATIN SMALL LETTER S - COMBINING MINUS SIGN BELOW
5D3AB34D19BE7E319369F0328CB3CB7D,s̠,LATIN SMALL LETTER S - COMBINING MINUS SIGN BELOW
617E525C3B9564276DBE1D819C09EF03,n̠,LATIN SMALL LETTER N - COMBINING MINUS SIGN BELOW
3EDAF6216EB1BA30820F52754A2515EA,r̠,LATIN SMALL LETTER R - COMBINING MINUS SIGN BELOW
A226BAACF325CDDFA1D1D7C55D9EA781,ɻ,LATIN SMALL LETTER TURNED R WITH HOOK
005BC670D0C514FD8B56234CB14F4FD5,ts̺,LATIN SMALL LETTER T - LATIN SMALL LETTER S - COMBINING INVERTED BRIDGE BELOW
0AD5B815A37D7A245DAC0F5E164ECCD0,z̺,LATIN SMALL LETTER Z - COMBINING INVERTED BRIDGE BELOW
70B73BACB06AB6CCEBE6E6710EBB7BE6,ĩː,LATIN SMALL LETTER I - COMBINING TILDE - MODIFIER LETTER TRIANGULAR COLON
BAC1076952BFA8DB102EB8888621C1B6,ũː,LATIN SMALL LETTER U - COMBINING TILDE - MODIFIER LETTER TRIANGULAR COLON
8A250ED17471F3B343DDA58AB02B1ADF,ðʲ,LATIN SMALL LETTER ETH - MODIFIER LETTER SMALL J
5A0564168E190167424F82AA99BCC7E4,ʎ̥,LATIN SMALL LETTER TURNED Y - COMBINING RING BELOW
E5FFAC40D2833CD8D510BB9907413E4F,ʏ,LATIN LETTER SMALL CAPITAL Y
0DE9FF71A937AC65944BCB74B0AEC0FC,œː,LATIN SMALL LIGATURE OE - MODIFIER LETTER TRIANGULAR COLON
3CB36417FA2A7E504A8C4F925C6F2CF4,mpʰ,LATIN SMALL LETTER M - LATIN SMALL LETTER P - MODIFIER LETTER SMALL H
9FED89EEE43DE85C7702215EBDAC51D7,ʰp,MODIFIER LETTER SMALL H - LATIN SMALL LETTER P
8CE75C9AC61BF1668603876DCD7F123E,ntʰ,LATIN SMALL LETTER N - LATIN SMALL LETTER T - MODIFIER LETTER SMALL H
7037C2C03FEF7F234269EC33D2741B4A,ʰt,MODIFIER LETTER SMALL H - LATIN SMALL LETTER T
BA530CB7217021A18FF4FD8770E777F4,rd,LATIN SMALL LETTER R - LATIN SMALL LETTER D
13A7BE16ED86487CFBC92F04FC5F95B4,ŋkʰ,LATIN SMALL LETTER ENG - LATIN SMALL LETTER K - MODIFIER LETTER SMALL H
F4025DC937C3599D3F8836714D8F0F54,ʰk,MODIFIER LETTER SMALL H - LATIN SMALL LETTER K
959E1ED2891664B9C49DA8A66486232A,rɡ,LATIN SMALL LETTER R - LATIN SMALL LETTER SCRIPT G
6111653BBE56DBB48CBBD7F18DB2D7DF,ndz,LATIN SMALL LETTER N - LATIN SMALL LETTER D - LATIN SMALL LETTER Z
BC89F1C10F9323B1FED1FAD4D5F4FA30,ntsʰ,LATIN SMALL LETTER N - LATIN SMALL LETTER T - LATIN SMALL LETTER S - MODIFIER LETTER SMALL H
F4E50DB4E0388A53C13D4FE2C8237488,ʰts,MODIFIER LETTER SMALL H - LATIN SMALL LETTER T - LATIN SMALL LETTER S
A9E12407AD1349C5EE106C90C86E11D6,ɳɖʐ,LATIN SMALL LETTER N WITH RETROFLEX HOOK - LATIN SMALL LETTER D WITH TAIL - LATIN SMALL LETTER Z WITH RETROFLEX HOOK
BFBF32C542DC38EAFF30D30F00CB997F,ɳʈʂʰ,LATIN SMALL LETTER N WITH RETROFLEX HOOK - LATIN SMALL LETTER T WITH RETROFLEX HOOK - LATIN SMALL LETTER S WITH HOOK - MODIFIER LETTER SMALL H
81298AF3ECB6512590F5D847D518DFD3,ʰʈʂ,MODIFIER LETTER SMALL H - LATIN SMALL LETTER T WITH RETROFLEX HOOK - LATIN SMALL LETTER S WITH HOOK
E8A9FEC9A1B502D54358B0FE53449BE1,n̠d̠ʒ,LATIN SMALL LETTER N - COMBINING MINUS SIGN BELOW - LATIN SMALL LETTER D - COMBINING MINUS SIGN BELOW - LATIN SMALL LETTER EZH
5BE4C11A46BF8574A311C86A500B67E9,n̠t̠ʃ,LATIN SMALL LETTER N - COMBINING MINUS SIGN BELOW - LATIN SMALL LETTER T - COMBINING MINUS SIGN BELOW - LATIN SMALL LETTER ESH
863F89B15D4B4BE3721A1C1A1960A2AE,ʰt̠ʃ,MODIFIER LETTER SMALL H - LATIN SMALL LETTER T - COMBINING MINUS SIGN BELOW - LATIN SMALL LETTER ESH
9AD97C058B323C5CA6DD23386064BCB9,tɕʰ,LATIN SMALL LETTER T - LATIN SMALL LETTER C WITH CURL - MODIFIER LETTER SMALL H
336FA75BFB823A07B43549B49E2F1FBF,ndʑ,LATIN SMALL LETTER N - LATIN SMALL LETTER D - LATIN SMALL LETTER Z WITH CURL
E3B4DAC145581A9EEC22438FA3CE9941,ntɕʰ,LATIN SMALL LETTER N - LATIN SMALL LETTER T - LATIN SMALL LETTER C WITH CURL - MODIFIER LETTER SMALL H
4A4851482756E38BD1F02DAA69959EDB,ʰtɕ,MODIFIER LETTER SMALL H - LATIN SMALL LETTER T - LATIN SMALL LETTER C WITH CURL
9EBF00B0DFB3E7F964B97DB54E9A36FD,ʐ,LATIN SMALL LETTER Z WITH RETROFLEX HOOK
565F4D54F251CA28919DEA0298E2FA03,je,LATIN SMALL LETTER J - LATIN SMALL LETTER E
4037FCE9131EE8DEB6E063329F55783A,wE,LATIN SMALL LETTER W - LATIN CAPITAL LETTER E
5BE6244CB05D38202EE3083DB788D3FB,wo,LATIN SMALL LETTER W - LATIN SMALL LETTER O
2FEA63A8EE9E923D793DC44070776998,ew,LATIN SMALL LETTER E - LATIN SMALL LETTER W
EABB8830840C8F285D2B7F9391F952DB,(w)æ,LEFT PARENTHESIS - LATIN SMALL LETTER W - RIGHT PARENTHESIS - LATIN SMALL LETTER AE
80040E39D7164484CBB2338A18B395E8,ja,LATIN SMALL LETTER J - LATIN SMALL LETTER A
303C998EDC4E1980718258AA4C4AAF33,(w)ɑ,LEFT PARENTHESIS - LATIN SMALL LETTER W - RIGHT PARENTHESIS - LATIN SMALL LETTER ALPHA
89853F789BBC448EC3F0E7C43FF0B95B,ri,LATIN SMALL LETTER R - LATIN SMALL LETTER I
FDABA4FCE790296F0CC19E4F981D1A0F,riu,LATIN SMALL LETTER R - LATIN SMALL LETTER I - LATIN SMALL LETTER U
BA80C9D0E92A0C844D914A461C5043EA,ru,LATIN SMALL LETTER R - LATIN SMALL LETTER U
04A62467CC8C1F5B37E84C8227D445AA,re,LATIN SMALL LETTER R - LATIN SMALL LETTER E
DCAFBF608C023E88BBB90DB8FD0B8D43,ro,LATIN SMALL LETTER R - LATIN SMALL LETTER O
DE4398FDBA5254EE2E8682B5C7F1239E,ræ,LATIN SMALL LETTER R - LATIN SMALL LETTER AE
2239E4934A7E77A54744DBF280E26870,rɑ,LATIN SMALL LETTER R - LATIN SMALL LETTER ALPHA
9F9549B61AA84ADDB175757036A6F7CE,jẽ,LATIN SMALL LETTER J - LATIN SMALL LETTER E - COMBINING TILDE
8B3827BE28AEC0139F61E6E165E4D6EA,wõ,LATIN SMALL LETTER W - LATIN SMALL LETTER O - COMBINING TILDE
AB44A3194B0CE3B90F63E46511F012DE,ˀw,MODIFIER LETTER GLOTTAL STOP - LATIN SMALL LETTER W
AEE57D41391C35872E483F0A8AB5BF0A,t̻s̻,LATIN SMALL LETTER T - COMBINING SQUARE BELOW - LATIN SMALL LETTER S - COMBINING SQUARE BELOW
414D673146D17C45361E43106C4235B9,d̻z̻,LATIN SMALL LETTER D - COMBINING SQUARE BELOW - LATIN SMALL LETTER Z - COMBINING SQUARE BELOW
3D40216C9532536F883C5389136C5500,s̻,LATIN SMALL LETTER S - COMBINING SQUARE BELOW
8AB7F55EAB4F34299B9887A4F4BCF42F,ɮ,LATIN SMALL LETTER LEZH
92B41E9C14B6FD2564CABDE05D20ED97,z̻,LATIN SMALL LETTER Z - COMBINING SQUARE BELOW
DBE42D9F800951190701C823E013DD36,n̻d̻z̻,LATIN SMALL LETTER N - COMBINING SQUARE BELOW - LATIN SMALL LETTER D - COMBINING SQUARE BELOW - LATIN SMALL LETTER Z - COMBINING SQUARE BELOW
5FBB5E09485481B56B8480B90BA505E6,j̻,LATIN SMALL LETTER J - COMBINING SQUARE BELOW
198E3EBE25854A256D6C67EF286FA260,d̪,LATIN SMALL LETTER D - COMBINING BRIDGE BELOW
CA8311C01ED2E1F24E357921E0115843,ä,LATIN SMALL LETTER A - COMBINING DIAERESIS
5C38D512267991F8593C91ED6225A000,dy,LATIN SMALL LETTER D - LATIN SMALL LETTER Y
CD19CB9316949AF0F38FA75A4A5DFD1C,ly,LATIN SMALL LETTER L - LATIN SMALL LETTER Y
4B47D2DEF282C0C536455B044ED6CC39,rdʲ,LATIN SMALL LETTER R - LATIN SMALL LETTER D - MODIFIER LETTER SMALL J
47CBB8373638ABD1596A3439A9AAF076,ʱŋ,MODIFIER LETTER SMALL H WITH HOOK - LATIN SMALL LETTER ENG
582C59AB5023E7FA7FEAB87F759637D0,ʱn,MODIFIER LETTER SMALL H WITH HOOK - LATIN SMALL LETTER N
CFA6C8A690DEF2E07E3D0E4B92771531,ʱm,MODIFIER LETTER SMALL H WITH HOOK - LATIN SMALL LETTER M
E7617EE6B784486388D7DC3F27324238,ʱr,MODIFIER LETTER SMALL H WITH HOOK - LATIN SMALL LETTER R
D03EAE39C00E4DB92DA03D20F8E7BD5D,ʱl,MODIFIER LETTER SMALL H WITH HOOK - LATIN SMALL LETTER L
C7C88CBD69B1ACF8F0E1C5F6E2C12F6A,kl,LATIN SMALL LETTER K - LATIN SMALL LETTER L
BD1385A9C98D89EBD849E59810B17702,khl,LATIN SMALL LETTER K - LATIN SMALL LETTER H - LATIN SMALL LETTER L
38DA13AE6A742E78971F9AFEAB73FA3D,pl,LATIN SMALL LETTER P - LATIN SMALL LETTER L
649C5017AC14CB6407C7A92A9DEF7AF4,kr,LATIN SMALL LETTER K - LATIN SMALL LETTER R
C74C3837836560AF7E82FE6A168AF2A5,khr,LATIN SMALL LETTER K - LATIN SMALL LETTER H - LATIN SMALL LETTER R
AA8D89838923B0C551AD24CEF6ECFEFC,pr,LATIN SMALL LETTER P - LATIN SMALL LETTER R
D926DA3DF32136EB5051F2749BFA976F,ɫ,LATIN SMALL LETTER L WITH MIDDLE TILDE
E04A17BCE68CDB79E0F218B9BB5525F3,ʱw,MODIFIER LETTER SMALL H WITH HOOK - LATIN SMALL LETTER W
29CC4B837E75D8184D710FE95A17D169,ʱj,MODIFIER LETTER SMALL H WITH HOOK - LATIN SMALL LETTER J
C00494BFC11B161316C0A3B76B38E35D,ɨ̃ː,LATIN SMALL LETTER I WITH STROKE - COMBINING TILDE - MODIFIER LETTER TRIANGULAR COLON
1709B3BEA8703B449759CCDB8CB0DE22,ə̃,LATIN SMALL LETTER SCHWA - COMBINING TILDE
CCF0350A2EFEF792529909972278B165,o̞,LATIN SMALL LETTER O - COMBINING DOWN TACK BELOW
693D10AB1FCA7CE89C436798A2374572,cˀ,LATIN SMALL LETTER C - MODIFIER LETTER GLOTTAL STOP
A7316824D015BB114834C84C84FF9703,əo,LATIN SMALL LETTER SCHWA - LATIN SMALL LETTER O
D3BA2D5F87F9966B04E98AFF42CCFBD1,əe,LATIN SMALL LETTER SCHWA - LATIN SMALL LETTER E
3BF061602328921B3DB56E3BE972EDF7,ae,LATIN SMALL LETTER A - LATIN SMALL LETTER E
02A604E08F796D24553C283FEB500F66,ḭ,LATIN SMALL LETTER I WITH TILDE BELOW
5EDDCD762502FA9F1E90DEB15E6EB55E,a̰,LATIN SMALL LETTER A - COMBINING TILDE BELOW
3782FB8410A935CA3189FEF216420D73,ṵ,LATIN SMALL LETTER U - COMBINING TILDE BELOW
D196104345CAF2C5C1324D88CDAEC78A,ḭː,LATIN SMALL LETTER I WITH TILDE BELOW - MODIFIER LETTER TRIANGULAR COLON
3DAB40B640C2028F7F85B54A8ACCA9F2,a̰ː,LATIN SMALL LETTER A - COMBINING TILDE BELOW - MODIFIER LETTER TRIANGULAR COLON
ED54C3F115E06055D3721C152E71B149,ṵː,LATIN SMALL LETTER U - COMBINING TILDE BELOW - MODIFIER LETTER TRIANGULAR COLON
9F38F051ADBEAF0BBD331FEE5F68BA0A,nʲ,LATIN SMALL LETTER N - MODIFIER LETTER SMALL J
1F921FEBD8D693905940759A34A6E550,p̰,LATIN SMALL LETTER P - COMBINING TILDE BELOW
641796D23D5C33828E2EA3666E9DBD89,t̰,LATIN SMALL LETTER T - COMBINING TILDE BELOW
4121D651D50EEB87A9945DF90AE757F0,k̰,LATIN SMALL LETTER K - COMBINING TILDE BELOW
45AABA3F659ABE2D8611F3E2F07B3508,ɕ̰,LATIN SMALL LETTER C WITH CURL - COMBINING TILDE BELOW
26770129337E78245F6006266F845267,χʷ,GREEK SMALL LETTER CHI - MODIFIER LETTER SMALL W
E6B424B5DCAE7554EF762BE5F76E64CD,aɯ,LATIN SMALL LETTER A - LATIN SMALL LETTER TURNED M
6C2941C205C1CC87FE4DA176324F3032,ɤɯ,LATIN SMALL LETTER RAMS HORN - LATIN SMALL LETTER TURNED M
1FCBA2F74274FF6CBC8636C9BAB66A2F,dˤ,LATIN SMALL LETTER D - MODIFIER LETTER SMALL REVERSED GLOTTAL STOP
5CD0683A71734F676F28F2E766031D42,zˤ,LATIN SMALL LETTER Z - MODIFIER LETTER SMALL REVERSED GLOTTAL STOP
239042BFB2014DFC337EAF40A01F04FF,ʌ̃ː,LATIN SMALL LETTER TURNED V - COMBINING TILDE - MODIFIER LETTER TRIANGULAR COLON
62F2D358037999DD8307B44E411EB868,ʌ̃,LATIN SMALL LETTER TURNED V - COMBINING TILDE
FCE7A178F3B224872678D977525527D8,ˀt,MODIFIER LETTER GLOTTAL STOP - LATIN SMALL LETTER T
883726078EEB02D11417FE176DA55233,ə̃ː,LATIN SMALL LETTER SCHWA - COMBINING TILDE - MODIFIER LETTER TRIANGULAR COLON
8E49F2A4FF7279348EB9F4E6D63BE4EF,tɕʲ,LATIN SMALL LETTER T - LATIN SMALL LETTER C WITH CURL - MODIFIER LETTER SMALL J
086788FBE8279199800F92D6949F3992,ɕʲ,LATIN SMALL LETTER C WITH CURL - MODIFIER LETTER SMALL J
1889185069F76B614432ED5BCC88E7A8,ɕʲː,LATIN SMALL LETTER C WITH CURL - MODIFIER LETTER SMALL J - MODIFIER LETTER TRIANGULAR COLON
9BB5908C6A4AB20FD978A2C6FC4ED2C4,xʼ,LATIN SMALL LETTER X - MODIFIER LETTER APOSTROPHE
5F9569ABD93606B150A26ED9313458C9,W,LATIN CAPITAL LETTER W
60B8781E92BAA0E67F7D076695C7FC05,R,LATIN CAPITAL LETTER R
9D5D2F7396B96DB40D29BAEAD3CA1178,ɶː,LATIN LETTER SMALL CAPITAL OE - MODIFIER LETTER TRIANGULAR COLON
EB0AD53D3F3C5F8A82498357FBD00725,bʲ,LATIN SMALL LETTER B - MODIFIER LETTER SMALL J
5539D30B2EFDF0C85D7E9A5319331C78,ɢː,LATIN LETTER SMALL CAPITAL G - MODIFIER LETTER TRIANGULAR COLON
548D8E709B3C8F7FFB5983EA5E033D11,lʲ,LATIN SMALL LETTER L - MODIFIER LETTER SMALL J
389AD3D35B8C71D1C73ABD769FAF15EB,œ,LATIN SMALL LIGATURE OE
D18309C441A49467E2847B31B2532EC3,tsˀ,LATIN SMALL LETTER T - LATIN SMALL LETTER S - MODIFIER LETTER GLOTTAL STOP
2CF6738206C42B58A2491E90E03456FF,kʷˀ,LATIN SMALL LETTER K - MODIFIER LETTER SMALL W - MODIFIER LETTER GLOTTAL STOP
4D71E156E043B408A4C57C3E76CD5AEA,qʷˀ,LATIN SMALL LETTER Q - MODIFIER LETTER SMALL W - MODIFIER LETTER GLOTTAL STOP
E2E15AA6699C185F50C9C080A6BEE4F2,ɬʷˀ,LATIN SMALL LETTER L WITH BELT - MODIFIER LETTER SMALL W - MODIFIER LETTER GLOTTAL STOP
3FBDA0A2A095420D052B100918A489EC,ʕʷ,LATIN LETTER PHARYNGEAL VOICED FRICATIVE - MODIFIER LETTER SMALL W
90E3248B43C5997CF9BDCD9E6DC07814,ɣˀ,LATIN SMALL LETTER GAMMA - MODIFIER LETTER GLOTTAL STOP
65096E7199FB5D6118AA4E120AA1E858,kǁ,LATIN SMALL LETTER K - LATIN LETTER LATERAL CLICK
18CEC675864CD88FB8E62C3BE51A7A56,kǃ,LATIN SMALL LETTER K - LATIN LETTER RETROFLEX CLICK
C5DC482F0D433B8ECFC74D4CBD9C6081,kǂ,LATIN SMALL LETTER K - LATIN LETTER ALVEOLAR CLICK
3233E8D478F39E8E9CE9A182309F7705,kǀ,LATIN SMALL LETTER K - LATIN LETTER DENTAL CLICK
42087FB8F05E0D496C88BD1DAF1DFAFB,ɡǁ,LATIN SMALL LETTER SCRIPT G - LATIN LETTER LATERAL CLICK
3DD5D68246BCC77EC6F902FB595FFE05,ɡǀ,LATIN SMALL LETTER SCRIPT G - LATIN LETTER DENTAL CLICK
29A34241717BD2C7CB9823A2CE1DF8D7,ɡǃ,LATIN SMALL LETTER SCRIPT G - LATIN LETTER RETROFLEX CLICK
044ECEA9E8E69B74668FBDB2D2C8AB68,kǁʰ,LATIN SMALL LETTER K - LATIN LETTER LATERAL CLICK - MODIFIER LETTER SMALL H
D83A55C0046BF5DD0D78348F0A650A28,kǀʰ,LATIN SMALL LETTER K - LATIN LETTER DENTAL CLICK - MODIFIER LETTER SMALL H
A45B76CAE87FF134C3593A7A5BBE479F,kǃʰ,LATIN SMALL LETTER K - LATIN LETTER RETROFLEX CLICK - MODIFIER LETTER SMALL H
457ACCCAC10A8E2FCD225B6653ABBA4C,kǁʼ,LATIN SMALL LETTER K - LATIN LETTER LATERAL CLICK - MODIFIER LETTER APOSTROPHE
C4BF47EF9EAF519D7D0F1B116497A950,kǀʼ,LATIN SMALL LETTER K - LATIN LETTER DENTAL CLICK - MODIFIER LETTER APOSTROPHE
882C43B0884E68786E983C79F4D52C65,kǃʼ,LATIN SMALL LETTER K - LATIN LETTER RETROFLEX CLICK - MODIFIER LETTER APOSTROPHE
78FF70B570134C274B58DA11237A3EE2,kǂʼ,LATIN SMALL LETTER K - LATIN LETTER ALVEOLAR CLICK - MODIFIER LETTER APOSTROPHE
141CE038E609CE179887C726278DB89D,kxʼ,LATIN SMALL LETTER K - LATIN SMALL LETTER X - MODIFIER LETTER APOSTROPHE
1FC7126B7567AA77B2C019B06C28E8EE,kǁx,LATIN SMALL LETTER K - LATIN LETTER LATERAL CLICK - LATIN SMALL LETTER X
08FE09233E12E9B44CBB92DBD7AC43C0,kǀx,LATIN SMALL LETTER K - LATIN LETTER DENTAL CLICK - LATIN SMALL LETTER X
6B4A638F9D4C33502FD12351E02396F9,kǃx,LATIN SMALL LETTER K - LATIN LETTER RETROFLEX CLICK - LATIN SMALL LETTER X
39D58657295D5BAE17801006E936C31F,kǂxʼ,LATIN SMALL LETTER K - LATIN LETTER ALVEOLAR CLICK - LATIN SMALL LETTER X - MODIFIER LETTER APOSTROPHE
14BB145889ED9EC987C696799E01E1EC,kǁxʼ,LATIN SMALL LETTER K - LATIN LETTER LATERAL CLICK - LATIN SMALL LETTER X - MODIFIER LETTER APOSTROPHE
535CE56578B35ABEE01395F9A1460A7E,kǀxʼ,LATIN SMALL LETTER K - LATIN LETTER DENTAL CLICK - LATIN SMALL LETTER X - MODIFIER LETTER APOSTROPHE
35437AA4CB5881A45D39AD4766E31348,kǃxʼ,LATIN SMALL LETTER K - LATIN LETTER RETROFLEX CLICK - LATIN SMALL LETTER X - MODIFIER LETTER APOSTROPHE
9AE8B1B7DEC32CF74FBFF68029DA1D08,ŋ̥ǀ,LATIN SMALL LETTER ENG - COMBINING RING BELOW - LATIN LETTER DENTAL CLICK
E08C7EDE7B5C3AC813DB60C151249E9F,ŋ̥ǃ,LATIN SMALL LETTER ENG - COMBINING RING BELOW - LATIN LETTER RETROFLEX CLICK
9AB481EC8BE46A8292AED4F6444EF71D,ŋ̥ǂ,LATIN SMALL LETTER ENG - COMBINING RING BELOW - LATIN LETTER ALVEOLAR CLICK
804839E511504309087F71DB32CB9294,ŋ̥ǁ,LATIN SMALL LETTER ENG - COMBINING RING BELOW - LATIN LETTER LATERAL CLICK
35CC3DCE04D851609CCD72B04506DCA6,ŋǃ,LATIN SMALL LETTER ENG - LATIN LETTER RETROFLEX CLICK
C7A41B68DC42384868C4594DBDA15133,nǂ,LATIN SMALL LETTER N - LATIN LETTER ALVEOLAR CLICK
3CACC2DCC79CD73D76B3A0C36F30DB30,ʌː,LATIN SMALL LETTER TURNED V - MODIFIER LETTER TRIANGULAR COLON
3D547FBDD249CB4EAAC805F63665EB99,t̺,LATIN SMALL LETTER T - COMBINING INVERTED BRIDGE BELOW
F6EFA3C282F195C662A3F3D46D50D595,t̻,LATIN SMALL LETTER T - COMBINING SQUARE BELOW
87206BFA83618E2007C724AA4CE66099,m̺,LATIN SMALL LETTER M - COMBINING INVERTED BRIDGE BELOW
1BB95EDC77BFC8071367FCFDC5830DCA,n̺,LATIN SMALL LETTER N - COMBINING INVERTED BRIDGE BELOW
20C1F9AD9776790CC5F64837AE0C94FC,n̻,LATIN SMALL LETTER N - COMBINING SQUARE BELOW
810FAFE2E381A78E1FFC5AEEB605942B,ɹ̺,LATIN SMALL LETTER TURNED R - COMBINING INVERTED BRIDGE BELOW
66B2AC19EC0D9C005314E4BC9AE05200,ṣ,LATIN SMALL LETTER S WITH DOT BELOW
1DEF797A9A7ACCC195043C777570DE07,ɒː,LATIN SMALL LETTER TURNED ALPHA - MODIFIER LETTER TRIANGULAR COLON
020B8B36617F0D60A3D983AF53439AAA,ʁʷ,LATIN LETTER SMALL CAPITAL INVERTED R - MODIFIER LETTER SMALL W
54A6714004BC6D660C5CD98F98D60CB7,t̠ʃʷ,LATIN SMALL LETTER T - COMBINING MINUS SIGN BELOW - LATIN SMALL LETTER ESH - MODIFIER LETTER SMALL W
74A4E7567788315270905CD7EC169EBD,dz̪,LATIN SMALL LETTER D - LATIN SMALL LETTER Z - COMBINING BRIDGE BELOW
BF5929006CF49F2E42EFD3C152EBE4E2,d̠ʒʷ,LATIN SMALL LETTER D - COMBINING MINUS SIGN BELOW - LATIN SMALL LETTER EZH - MODIFIER LETTER SMALL W
1060701B31DA4A17063BA7684E2D0020,ɬˀ,LATIN SMALL LETTER L WITH BELT - MODIFIER LETTER GLOTTAL STOP
01CDB0839612D41B2510B3AD2EFC1BCD,t̠ʃʷˀ,LATIN SMALL LETTER T - COMBINING MINUS SIGN BELOW - LATIN SMALL LETTER ESH - MODIFIER LETTER SMALL W - MODIFIER LETTER GLOTTAL STOP
EF73174DEB1FB7C52AC28939E2274A7A,eˑ,LATIN SMALL LETTER E - MODIFIER LETTER HALF TRIANGULAR COLON
326BFCC5DB3C0A6945AD53E82B871484,iˑ,LATIN SMALL LETTER I - MODIFIER LETTER HALF TRIANGULAR COLON
ED8861E34A0A51AD0B65F767BC8C1DBC,oˑ,LATIN SMALL LETTER O - MODIFIER LETTER HALF TRIANGULAR COLON
C53B1247C466DE903B1CEEEC7A7C1C96,uˑ,LATIN SMALL LETTER U - MODIFIER LETTER HALF TRIANGULAR COLON
59A9622EE2AA9F009FAF65B80537F3F1,aˑ,LATIN SMALL LETTER A - MODIFIER LETTER HALF TRIANGULAR COLON
75BEC0B14FC903A649A9C6C8066DE9E8,ŋʼ,LATIN SMALL LETTER ENG - MODIFIER LETTER APOSTROPHE
C924B6C2E4267705F07A3DD149EE2F11,ɲˀ,LATIN SMALL LETTER N WITH LEFT HOOK - MODIFIER LETTER GLOTTAL STOP
82C5F9E99D14BBEBDF6730B1A3C6360B,o̥,LATIN SMALL LETTER O - COMBINING RING BELOW
D38D121D7CE15AA49DC20CE0D6C56D43,nts,LATIN SMALL LETTER N - LATIN SMALL LETTER T - LATIN SMALL LETTER S
86FF194A51CE799C4E991C626FF7CA97,ɳʈ,LATIN SMALL LETTER N WITH RETROFLEX HOOK - LATIN SMALL LETTER T WITH RETROFLEX HOOK
923E169D84C70D89278B0FA651125EE1,tl,LATIN SMALL LETTER T - LATIN SMALL LETTER L
F4EFE42DB5B563642A3E8752D2E80437,nɬ,LATIN SMALL LETTER N - LATIN SMALL LETTER L WITH BELT
8170A98B4A4A9EC4ABABB8E49B6887E5,ntʲ,LATIN SMALL LETTER N - LATIN SMALL LETTER T - MODIFIER LETTER SMALL J
9CE598EF12A905D7C9D4C2DFF1DF5850,ŋkʷ,LATIN SMALL LETTER ENG - LATIN SMALL LETTER K - MODIFIER LETTER SMALL W
18DCAF1C4880F45D5B402E7D776A91D0,ʌ,LATIN SMALL LETTER TURNED V
CACB560618F54E3BD2CA0762C2CFB7B4,ɨa,LATIN SMALL LETTER I WITH STROKE - LATIN SMALL LETTER A
54E8DB7BBF6DAF8BC6FB0DBF0F5C9EA6,ˀp,MODIFIER LETTER GLOTTAL STOP - LATIN SMALL LETTER P
18A49C7584A4DC09723816C1AC505BB4,ˀc,MODIFIER LETTER GLOTTAL STOP - LATIN SMALL LETTER C
AA5E5F4CA323B60B9FD447991E430743,ˀk,MODIFIER LETTER GLOTTAL STOP - LATIN SMALL LETTER K
9C65D3C01BFB34B29F3C15ADD7207FAB,ʄ̟,LATIN SMALL LETTER DOTLESS J WITH STROKE AND HOOK - COMBINING PLUS SIGN BELOW
BB7A86B7742DE9C7F2BBEDC95B181DC9,ɟ̟,LATIN SMALL LETTER DOTLESS J WITH STROKE - COMBINING PLUS SIGN BELOW
83145735AAAF58F0758F3C0B8A0D25F1,nɟ,LATIN SMALL LETTER N - LATIN SMALL LETTER DOTLESS J WITH STROKE
9EEEF6860B6442352B674A227C68B124,t̪ʰ,LATIN SMALL LETTER T - COMBINING BRIDGE BELOW - MODIFIER LETTER SMALL H
D3867260AB7CFE5A579FD7E8ACD31024,t̪ʼ,LATIN SMALL LETTER T - COMBINING BRIDGE BELOW - MODIFIER LETTER APOSTROPHE
F6C43224882036FC95D46CB7ADB6E016,c̟,LATIN SMALL LETTER C - COMBINING PLUS SIGN BELOW
7512624BB66890856072E662D7D43EC9,c̟ʰ,LATIN SMALL LETTER C - COMBINING PLUS SIGN BELOW - MODIFIER LETTER SMALL H
EA99994DE071FFA91B8904EBCB11C27D,c̟ʼ,LATIN SMALL LETTER C - COMBINING PLUS SIGN BELOW - MODIFIER LETTER APOSTROPHE
2B83D5895139F423A543FCC6EF5972A1,nð,LATIN SMALL LETTER N - LATIN SMALL LETTER ETH
92E1B0E16834519598F3C03EE7E974D9,l̪,LATIN SMALL LETTER L - COMBINING BRIDGE BELOW
D772DF2D32FF6913D9F501F1F7583361,L,LATIN CAPITAL LETTER L
749D239EAB1B3E6CA05A445F2EA78EDF,K,LATIN CAPITAL LETTER K
BC68559024AD5C03F12F4322C3197FA7,çˀ,LATIN SMALL LETTER C WITH CEDILLA - MODIFIER LETTER GLOTTAL STOP
456B4ED03D8ACA572B30D94972E9148A,xˀ,LATIN SMALL LETTER X - MODIFIER LETTER GLOTTAL STOP
E8B06BBA220BECED1D46A482BFB457E7,hˀ,LATIN SMALL LETTER H - MODIFIER LETTER GLOTTAL STOP
3A2EBE8650EB43A5A6D7C00ECA634291,l̻,LATIN SMALL LETTER L - COMBINING SQUARE BELOW
3BC1F6D2610834969E5525A131FC9E41,l̺,LATIN SMALL LETTER L - COMBINING INVERTED BRIDGE BELOW
81345F12922D0D6811F6BE87C0593038,r̺,LATIN SMALL LETTER R - COMBINING INVERTED BRIDGE BELOW
926CB39120C104E2AEBA6852ACE9D633,lɻ,LATIN SMALL LETTER L - LATIN SMALL LETTER TURNED R WITH HOOK
2060144B3E5025B6C6FAAEBAF9EC4038,bʷ,LATIN SMALL LETTER B - MODIFIER LETTER SMALL W
D8BA4CA3FEC4DBA428F4C21C9833134C,nr,LATIN SMALL LETTER N - LATIN SMALL LETTER R
6E7E5112EA50273566906EBBFD1997B2,mw,LATIN SMALL LETTER M - LATIN SMALL LETTER W
95996CAB019505C034CED3D0966D8E36,N,LATIN CAPITAL LETTER N
F271E20422EFEB166A404CD30498F5EE,t̠ʃː,LATIN SMALL LETTER T - COMBINING MINUS SIGN BELOW - LATIN SMALL LETTER ESH - MODIFIER LETTER TRIANGULAR COLON
E6DD826C141052A0D676CB683CC9DA79,x̟,LATIN SMALL LETTER X - COMBINING PLUS SIGN BELOW
7692161749A9C1076C207169234D0143,ŋ̟,LATIN SMALL LETTER ENG - COMBINING PLUS SIGN BELOW
C39DA742ED3DD44A5EFDBCC9003F49B6,ɴ,LATIN LETTER SMALL CAPITAL N
ADB3AC24685B0B696055B033C21BE21F,bʼ,LATIN SMALL LETTER B - MODIFIER LETTER APOSTROPHE
7FB2B818AD12A8989FC85424C4DBDADA,i1,LATIN SMALL LETTER I - DIGIT ONE
2CA23E9B741F89B6B247AE7E0907B564,e1,LATIN SMALL LETTER E - DIGIT ONE
41DEF840A217B161B86DF74FC26BF4F3,o1,LATIN SMALL LETTER O - DIGIT ONE
91D09C2A2B3239154C646B08B380DE5F,j̪,LATIN SMALL LETTER J - COMBINING BRIDGE BELOW
